MedInc,HouseAge,AveRooms,AveBedrms,Population,AveOccup,Latitude,Longitude,MedHouseVal,PriceCategory
6.2436,47.0,4.5947,2.43,3782.0,4.1446,35.8089,-116.6524,3.2357,High
14.31,12.0,4.664,1.4958,3053.0,2.0056,36.9604,-121.4786,5.0,High
11.2479,16.0,,1.0242,4582.0,2.9939,32.0777,-119.0919,5.0,High
9.3812,24.0,9.9531,1.5925,798.0,5.0173,36.9209,-123.2447,4.1886,High
3.1843,19.0,7.2947,1.3949,926.0,3.4667,41.8649,-117.8213,1.3224,Low
3.1839,8.0,6.4623,2.654,448.0,4.3249,34.7827,-117.3414,1.2411,Low
1.8132,31.0,7.8452,1.4894,4008.0,4.4136,35.9542,-120.2133,1.3094,Low
13.1265,21.0,5.7216,2.5357,407.0,5.2969,38.8719,-114.4558,5.0,High
9.4156,17.0,2.4811,2.7621,3516.0,2.9622,40.1479,-115.2583,4.8549,High
10.913,23.0,6.4984,1.7544,2434.0,4.5928,36.1739,-116.9206,5.0,High
1.2882,37.0,9.661,2.8019,4961.0,5.8273,35.0967,-116.8635,0.5569,Low
14.5787,16.0,3.4024,1.6301,4920.0,4.7861,41.3783,-121.476,5.0,High
12.6542,6.0,7.52,2.921,2909.0,3.7044,38.7714,-117.4318,5.0,High
3.9727,8.0,3.6075,0.9964,3658.0,4.3382,33.1902,-122.0179,2.0287,Medium
3.5455,25.0,6.2866,2.3114,4578.0,4.8286,32.6893,-122.56,1.7396,Low
3.5677,18.0,2.7734,1.8864,3577.0,4.2552,36.8355,-114.0053,1.5436,Low
5.2594,25.0,5.603,1.6528,4720.0,1.575,34.2009,-117.7762,2.4318,Medium
8.3466,12.0,8.0493,2.192,2786.0,2.3765,34.5398,-119.6901,4.3705,High
7.0472,15.0,4.7806,2.3485,3085.0,5.1471,40.7769,-121.1184,3.5654,High
5.0772,26.0,7.3193,0.8096,375.0,2.7269,32.8957,-117.9608,2.5188,Medium
9.5659,41.0,8.3636,1.1673,2647.0,4.792,39.1536,-123.5041,4.4354,High
2.9529,45.0,9.4174,2.3687,2864.0,3.1745,34.7114,-123.0532,1.9289,Medium
5.09,26.0,3.8771,2.266,436.0,3.8485,39.6033,-123.6714,2.3099,Medium
6.1291,47.0,5.1945,2.9253,2073.0,1.8059,39.2241,-119.0083,2.8724,Medium
7.385,32.0,3.2193,2.4743,3079.0,2.3155,32.0739,-117.9939,3.5086,High
11.9925,10.0,9.9399,2.8917,4676.0,5.8074,37.0914,-123.3752,5.0,High
3.7954,16.0,9.416,2.3456,4068.0,5.5056,33.3932,-116.7878,1.8246,Medium
8.1993,7.0,6.3197,1.4557,1010.0,4.4352,40.6623,-121.696,4.0131,High
9.2938,17.0,8.7363,1.0318,2096.0,3.5684,40.7159,-117.148,4.6848,High
1.6503,,6.1677,2.52,3229.0,4.5409,36.1835,-114.181,0.5488,Low
9.5056,26.0,6.9887,2.2171,4304.0,4.2837,36.444,-117.0889,4.7262,High
3.3873,21.0,2.713,0.906,3857.0,4.0585,35.0328,-115.1681,2.3273,Medium
1.9107,22.0,8.0422,1.5921,427.0,1.7663,39.1661,-114.518,1.0157,Low
14.2844,7.0,3.0217,2.905,1899.0,4.3476,35.5866,-119.1325,5.0,High
14.5188,14.0,8.6085,1.9009,414.0,4.9601,34.6779,-116.9768,5.0,High
12.3176,15.0,8.2562,1.752,3645.0,5.9734,36.3223,-115.4803,5.0,High
5.2646,7.0,7.67,1.8069,1234.0,1.5499,32.9149,-120.4339,3.2557,High
2.3674,9.0,2.2893,1.2595,2846.0,4.7858,39.466,-121.386,1.4174,Low
10.5793,51.0,4.425,1.6112,4976.0,4.0731,32.126,-114.534,5.0,High
7.1621,48.0,4.1049,1.6136,1620.0,3.4532,38.4449,-116.737,3.3117,High
2.7085,8.0,4.8811,0.9152,255.0,2.0741,33.8286,-121.8032,1.4805,Low
7.9325,50.0,2.7011,2.4886,1824.0,3.3409,34.324,-119.5092,3.4927,High
1.4814,23.0,9.4957,1.7163,3443.0,3.0947,38.3563,-116.0355,0.5,Low
13.7305,29.0,6.4304,2.6088,986.0,2.8627,41.9294,-118.5294,5.0,High
4.6229,,4.4442,2.6708,3173.0,4.789,39.7772,-117.5005,2.3491,Medium
10.2753,,5.1759,1.2664,2905.0,4.6533,34.2584,-116.4623,4.6459,High
5.364,30.0,5.5776,2.2462,821.0,4.1506,33.7602,-117.7799,2.4379,Medium
8.281,39.0,6.8048,1.839,1012.0,5.724,40.6623,-118.5992,3.9952,High
8.6539,35.0,6.1254,2.7363,3457.0,3.0743,36.4418,-116.5039,4.5118,High
3.588,,9.3551,1.2746,970.0,2.5971,33.3705,-116.7244,1.5841,Low
14.5742,42.0,5.9757,2.2912,4208.0,4.4516,40.6221,-117.7013,5.0,High
11.8519,39.0,9.9373,2.1371,597.0,2.3947,40.1609,-120.4021,5.0,High
14.153,17.0,8.8114,1.4497,1856.0,2.9175,41.8391,-119.9419,5.0,High
13.5276,14.0,3.6681,1.1005,1217.0,2.5107,41.0974,-114.2956,5.0,High
9.3706,31.0,9.4448,2.2336,3509.0,1.8112,40.5179,-122.8761,4.5397,High
13.9062,24.0,2.9309,2.4249,2928.0,5.2237,32.5257,-121.315,5.0,High
2.2389,35.0,8.5396,1.4944,1747.0,2.6454,33.0442,-119.076,0.946,Low
3.7438,44.0,5.045,2.2186,3083.0,3.6286,37.6898,-115.6327,1.7013,Low
1.6332,45.0,9.0238,1.6693,242.0,1.6949,37.3148,-122.3632,0.5573,Low
5.5546,34.0,8.9445,2.3691,2861.0,4.647,36.5796,-121.2305,2.4448,Medium
6.4415,3.0,8.4474,1.2383,3535.0,2.9875,35.9679,-123.342,3.0648,Medium
4.7989,37.0,8.3202,2.7585,4760.0,4.8513,36.3121,-116.9401,2.3393,Medium
12.6023,43.0,4.4374,1.4323,2531.0,3.3558,37.693,-121.6179,5.0,High
5.9945,40.0,2.6474,1.6091,4612.0,2.3809,32.0208,-120.1133,2.9819,Medium
4.9331,26.0,5.2238,0.9278,1948.0,3.8093,34.6071,-119.563,2.4045,Medium
8.5977,23.0,3.3882,1.0453,2796.0,2.0873,37.1828,-115.0869,4.2408,High
2.9729,44.0,7.5596,1.9349,1817.0,3.4824,39.2222,-119.8867,1.5199,Low
12.2308,39.0,4.7688,1.3887,3172.0,2.9279,33.7416,-122.5477,5.0,High
2.0437,15.0,9.8049,2.6381,1167.0,5.6038,37.4688,-118.7569,1.4826,Low
14.8164,49.0,7.1278,0.8323,2886.0,1.7742,39.1446,-114.3704,5.0,High
11.8114,4.0,8.5798,1.634,3891.0,4.6231,36.4463,-117.9231,5.0,High
3.782,29.0,3.0602,1.5422,1388.0,2.3224,32.2708,-114.1661,2.4022,Medium
1.0773,22.0,8.8961,0.8425,3971.0,2.9357,36.4927,-115.5889,0.649,Low
12.4165,25.0,9.3821,1.0736,1906.0,3.3698,34.9644,-123.6403,5.0,High
10.896,13.0,5.8965,1.71,1604.0,5.5861,41.2965,-117.416,5.0,High
11.2061,18.0,6.85,1.8843,3408.0,2.5916,33.2461,-121.1323,4.7638,High
11.7978,33.0,8.1185,1.6894,3051.0,1.9109,38.5248,-118.4038,5.0,High
2.0366,16.0,3.3987,1.9681,171.0,2.9341,32.5272,-121.2065,1.348,Low
6.0185,45.0,6.0205,2.1093,1790.0,1.971,36.4617,-120.5113,3.1385,Medium
2.6222,42.0,5.1893,0.8218,1444.0,2.0787,37.5398,-114.7683,1.9227,Medium
13.0834,44.0,3.171,1.821,3403.0,4.0823,34.9795,-121.9336,5.0,High
9.7262,2.0,4.9403,2.9197,3213.0,1.7741,36.5508,-115.2589,4.7733,High
5.6326,35.0,2.5454,1.9419,982.0,1.6392,33.6355,-123.6954,2.5671,Medium
1.8898,42.0,2.2065,2.2906,4334.0,4.7149,35.0412,-123.0912,0.8524,Low
5.3538,34.0,3.0813,1.4861,2762.0,3.1274,38.2111,-115.4532,3.0242,Medium
5.5526,30.0,9.7049,2.5028,1604.0,2.0642,35.018,-117.6944,3.2136,High
11.2145,13.0,6.3962,2.5004,2563.0,2.6413,40.9974,-116.5276,5.0,High
9.9258,13.0,9.7266,1.9469,2653.0,4.3894,38.2841,-121.9058,5.0,High
13.421,18.0,5.46,2.9472,832.0,2.7399,36.3865,-118.6292,5.0,High
7.611,32.0,4.4945,1.0762,1848.0,3.7253,32.3876,-116.6278,3.5383,High
2.6743,32.0,6.0491,0.8373,4024.0,2.0476,36.9955,-117.7269,1.5515,Low
10.9854,35.0,5.5161,2.4943,523.0,4.1464,39.6478,-119.283,5.0,High
11.651,39.0,2.8453,2.5757,3578.0,2.9223,34.6556,-114.4022,5.0,High
8.8579,46.0,7.1266,1.0645,1691.0,4.3214,40.0677,-117.2384,4.3431,High
11.7935,29.0,3.7283,1.3843,4585.0,5.1378,34.5181,-114.9225,5.0,High
7.9131,49.0,6.9567,0.8386,4537.0,4.2524,40.2375,-116.7023,4.0403,High
8.3183,29.0,7.2016,1.4453,4809.0,2.8309,32.8527,-116.6454,3.9696,High
6.9856,44.0,3.2162,2.5009,592.0,2.6508,40.6618,-123.1998,2.727,Medium
1.3559,,2.4908,1.9395,291.0,2.9734,36.9919,-120.4054,0.874,Low
2.5105,44.0,8.2461,1.5658,598.0,2.2408,34.9654,-115.4163,1.0267,Low
1.44,47.0,5.6784,1.6178,1356.0,2.3153,34.6511,-121.674,0.5,Low
9.9097,10.0,2.4653,0.803,2068.0,5.0581,36.3201,-122.8449,5.0,High
5.401,30.0,9.9589,1.4596,4422.0,3.2313,41.9905,-120.7389,2.7559,Medium
8.12,25.0,2.4622,2.2222,2286.0,3.462,34.2033,-121.7956,4.0965,High
13.7059,39.0,7.5603,2.9432,916.0,4.1732,33.0322,-114.7471,5.0,High
4.4901,20.0,9.8694,2.6635,3320.0,4.1534,37.8504,-115.3203,2.4106,Medium
6.7454,5.0,3.9134,0.8519,1573.0,1.8032,36.8854,-119.0032,2.8141,Medium
11.5777,1.0,3.138,2.7768,1186.0,5.2419,37.242,-123.3866,5.0,High
4.2032,30.0,2.9711,2.523,4299.0,2.298,38.6694,-116.8544,2.3168,Medium
2.0777,49.0,4.4262,2.5168,1974.0,4.7538,34.6714,-117.7659,0.5,Low
5.0565,3.0,2.8084,1.8076,970.0,4.977,41.1066,-114.2945,2.6399,Medium
3.2571,45.0,7.5373,1.6756,4863.0,4.717,36.3567,-118.4105,1.7961,Low
14.0158,14.0,2.4983,1.4664,2142.0,4.1054,33.2909,-120.6361,5.0,High
12.3137,30.0,6.0754,0.9445,372.0,1.5657,39.423,-118.8098,5.0,High
9.8677,50.0,9.9736,1.3021,1129.0,3.1217,38.431,-114.2074,3.948,High
13.2004,,8.5118,1.3425,3318.0,4.2218,35.1574,-117.0364,5.0,High
12.2514,18.0,6.9218,1.865,4169.0,3.2435,38.2152,-117.2802,5.0,High
3.612,37.0,4.45,2.4444,1151.0,5.3857,34.1986,-121.5932,1.5882,Low
13.4958,25.0,6.9912,1.8424,4133.0,2.8896,36.4484,-116.564,5.0,High
8.5508,48.0,6.2163,0.9273,1673.0,2.8209,40.9941,-116.4973,4.6163,High
12.3042,1.0,5.4087,2.9071,3290.0,2.697,33.3353,-120.8271,5.0,High
13.5453,46.0,3.0457,2.874,4488.0,2.9975,35.867,-119.1629,5.0,High
5.452,15.0,9.0928,2.5274,3897.0,4.0083,40.2114,-121.054,2.2759,Medium
2.5407,9.0,5.5983,2.9809,3389.0,4.6816,41.6949,-121.4129,1.4811,Low
4.1911,15.0,3.557,1.9979,3847.0,4.4816,36.5393,-123.741,2.0165,Medium
6.9795,49.0,,2.9181,2205.0,5.1347,37.07,-121.1479,3.0688,Medium
12.4522,24.0,5.313,0.9663,407.0,5.4866,37.7217,-118.4603,5.0,High
13.0502,4.0,8.6203,1.6045,3459.0,5.1724,41.3235,-123.984,5.0,High
1.0973,12.0,7.8689,1.2958,3276.0,1.5853,40.5821,-121.1678,0.8299,Low
8.1505,37.0,8.1544,1.2308,1351.0,4.8116,33.706,-115.1859,4.3744,High
6.8438,37.0,2.0883,1.1098,2847.0,2.4378,36.3676,-118.0635,3.6107,High
4.1095,43.0,5.3292,2.1693,1617.0,2.0982,36.64,-117.9214,1.6615,Low
2.6781,6.0,5.8508,2.5189,1478.0,4.3732,39.891,-119.9664,1.7548,Low
5.7266,39.0,2.1535,2.0723,4991.0,2.9388,38.0289,-117.2353,3.1087,Medium
14.2007,46.0,4.0785,1.1233,2061.0,1.757,38.5422,-122.1007,5.0,High
5.5248,24.0,8.0823,2.5845,4405.0,2.1193,41.982,-115.8125,2.7318,Medium
8.2631,11.0,3.0969,2.1991,2963.0,1.5042,32.7496,-122.8331,3.8273,High
10.8423,13.0,6.2825,1.654,2756.0,5.5645,34.2301,-117.44,5.0,High
6.0908,34.0,3.7216,2.2831,2594.0,1.6108,36.079,-120.5885,2.4591,Medium
14.6049,25.0,2.097,1.3718,4667.0,2.4426,35.4778,-116.5249,5.0,High
14.4743,7.0,3.9296,1.5594,4105.0,3.3732,32.2165,-118.5024,5.0,High
4.525,4.0,9.807,2.8185,3663.0,3.1046,32.9178,-119.4765,2.0082,Medium
7.9615,8.0,8.4123,1.4391,1022.0,5.6028,38.8095,-122.3058,3.4625,High
5.2123,20.0,9.6766,1.834,4332.0,1.6813,40.7932,-117.6318,2.5383,Medium
4.9878,29.0,5.9028,2.7583,4562.0,3.805,37.1423,-114.2523,2.0286,Medium
1.5164,51.0,2.8779,2.357,3059.0,4.5622,37.3919,-115.744,0.5489,Low
9.5339,45.0,6.3837,0.9368,283.0,5.6926,34.5509,-123.3999,5.0,High
8.0375,46.0,5.635,1.1241,3458.0,4.2917,39.6788,-120.2377,3.905,High
1.7207,10.0,8.7549,0.8173,1498.0,5.1169,39.5179,-114.7442,1.4971,Low
4.9011,43.0,2.7847,2.188,2896.0,1.8768,37.8837,-118.9696,1.9687,Medium
13.7157,34.0,5.9059,1.7849,636.0,3.2367,34.1266,-117.3789,5.0,High
4.3539,26.0,3.2004,1.0954,1373.0,3.1828,32.9702,-114.874,1.7708,Low
3.0285,41.0,,2.9075,3067.0,5.4883,32.6424,-115.2621,1.3502,Low
7.8523,49.0,7.8989,1.9653,3149.0,2.1812,37.927,-118.9818,4.577,High
14.7991,3.0,5.8081,1.3322,1196.0,2.1835,40.2504,-119.6235,5.0,High
4.3888,6.0,5.0071,1.9013,1405.0,2.9785,40.5833,-120.6031,2.4004,Medium
10.4099,5.0,5.1558,2.2952,1015.0,1.7451,36.6362,-116.8098,5.0,High
11.6627,5.0,5.6756,0.9677,3181.0,2.3211,39.8427,-121.1301,5.0,High
4.3269,47.0,8.2801,1.4043,4347.0,5.8434,41.4688,-121.5011,1.6338,Low
11.195,23.0,9.1367,2.5753,1128.0,3.4268,34.7517,-120.4375,5.0,High
6.149,49.0,9.6427,1.8113,2077.0,4.3441,35.9796,-122.2278,2.9127,Medium
9.8523,9.0,8.2952,2.0025,3454.0,4.7675,41.3148,-117.0488,5.0,High
9.8694,35.0,4.5233,1.7522,2611.0,3.1513,35.3823,-117.8376,4.8575,High
8.5008,20.0,7.5051,0.8966,370.0,2.1625,41.1388,-119.1712,3.646,High
2.2641,49.0,5.5008,1.1646,1286.0,2.4296,41.8104,-120.0967,1.271,Low
12.6942,42.0,4.0374,1.7802,4655.0,2.9097,38.6181,-114.9094,5.0,High
5.4909,35.0,8.727,1.2602,4300.0,4.3623,40.1689,-123.7088,2.0967,Medium
3.6113,50.0,,0.91,3864.0,3.2923,39.4955,-116.3089,1.341,Low
1.5709,18.0,9.2141,2.656,2498.0,1.5307,38.9953,-114.9809,0.5164,Low
9.2725,17.0,5.6918,2.9586,4629.0,3.8553,35.0693,-119.5365,5.0,High
10.4859,24.0,7.0976,2.5449,4335.0,5.6468,32.5709,-118.4931,5.0,High
1.2322,3.0,7.2748,2.6783,4282.0,5.1543,35.4305,-114.5554,1.0481,Low
8.1693,32.0,9.1609,1.3323,1811.0,5.2135,38.6694,-121.8772,3.8459,High
4.1709,35.0,7.0934,2.9134,2330.0,5.0778,33.0253,-118.7987,2.0767,Medium
10.0324,38.0,6.9115,1.2332,228.0,2.9568,32.1192,-119.2528,5.0,High
3.4411,13.0,2.5332,2.8931,1369.0,4.9434,33.3969,-121.4161,1.8897,Medium
10.6731,47.0,6.1473,2.9886,3772.0,2.1442,39.1574,-115.8141,5.0,High
6.4143,25.0,3.2014,2.3658,1701.0,4.4597,41.7279,-115.004,3.0008,Medium
14.1142,9.0,7.8995,2.9585,4865.0,4.3871,41.8306,-116.1807,5.0,High
2.9253,4.0,6.0978,2.053,4070.0,1.6151,36.9398,-122.0464,1.0079,Low
5.7749,14.0,7.4418,1.371,4344.0,5.0459,40.6935,-123.1325,2.8667,Medium
2.5886,37.0,2.3334,1.7614,727.0,5.5646,39.3683,-117.9456,1.0175,Low
13.9457,34.0,2.6783,2.1058,3897.0,2.7034,37.0104,-123.4291,5.0,High
13.2828,11.0,7.7306,0.9608,2144.0,5.1558,37.7276,-117.2717,5.0,High
4.6112,41.0,2.5767,2.1692,3652.0,1.8708,33.3723,-118.6958,2.5273,Medium
10.2398,3.0,2.5701,2.9586,2441.0,4.1999,41.3766,-117.3721,5.0,High
12.4411,28.0,2.0969,1.2182,3314.0,3.6854,35.5193,-118.0983,5.0,High
8.7728,29.0,,2.5437,349.0,3.9567,36.4615,-119.773,4.3192,High
8.4151,9.0,7.9001,2.7974,3025.0,5.6679,38.7166,-121.9912,4.4588,High
4.3859,3.0,4.826,2.8761,1074.0,5.4209,35.339,-120.943,1.6942,Low
2.3034,25.0,4.3723,2.9123,1425.0,5.0329,34.5426,-118.755,0.8558,Low
13.561,34.0,4.7976,1.9472,1083.0,2.7316,38.3105,-117.4813,5.0,High
13.6059,12.0,8.1972,2.9501,988.0,5.6032,32.2498,-116.2052,5.0,High
9.8634,42.0,7.291,2.4661,3037.0,1.9388,39.2073,-116.3283,4.9528,High
5.7464,9.0,3.4816,1.1557,2217.0,5.34,37.1402,-114.2731,2.8934,Medium
5.8889,15.0,3.3929,1.8492,2772.0,2.9767,38.0575,-121.1416,2.1598,Medium
11.1634,40.0,2.7872,2.3803,1426.0,1.742,38.3188,-123.2889,4.914,High
13.5595,25.0,7.2824,1.3441,570.0,4.5121,37.2705,-120.5434,5.0,High
13.4192,5.0,8.115,2.2094,2087.0,2.5408,37.8253,-116.5671,5.0,High
11.9183,11.0,4.1204,2.2665,190.0,2.5961,38.8379,-119.6189,5.0,High
9.9884,34.0,2.1676,1.1579,629.0,2.8772,39.5312,-115.8221,4.7051,High
2.178,24.0,2.6574,2.0432,4856.0,1.7866,39.2745,-118.5067,1.4551,Low
3.2628,15.0,9.7429,2.4976,4159.0,2.2971,40.6962,-114.7021,0.9656,Low
13.5798,38.0,4.3636,1.8976,4934.0,1.5231,33.8944,-114.5214,5.0,High
9.49,8.0,8.1538,0.8266,2873.0,3.5043,36.0115,-123.307,5.0,High
1.1288,5.0,6.9973,0.8199,1786.0,1.8791,41.478,-119.4359,0.8198,Low
2.4206,48.0,5.0555,1.5855,291.0,4.5719,35.9659,-117.9031,1.257,Low
10.289,26.0,3.6455,2.8376,2086.0,2.5603,33.2487,-121.4413,5.0,High
1.0709,18.0,2.9711,1.3031,3723.0,5.7461,37.2545,-119.9292,0.5,Low
3.2513,6.0,6.9201,2.1956,2285.0,5.4206,33.0949,-117.2232,1.3344,Low
8.6823,37.0,8.1971,1.2886,4540.0,2.8025,34.0285,-121.7327,3.6277,High
10.6865,48.0,7.1512,1.5077,1108.0,5.0245,41.9832,-117.9802,5.0,High
10.1275,13.0,6.2424,2.6657,3883.0,5.1146,37.4136,-117.0255,4.8279,High
4.1398,28.0,2.3356,2.4035,4398.0,5.9395,34.8406,-123.095,2.3017,Medium
10.9705,5.0,9.7479,1.0099,4768.0,4.1903,41.9477,-119.0247,5.0,High
4.3215,13.0,8.3897,1.7431,4387.0,1.8688,41.6656,-121.3692,1.8705,Medium
5.5556,17.0,4.3426,0.8642,2152.0,4.4108,36.4074,-116.7561,2.3797,Medium
11.4509,50.0,9.8398,1.858,3408.0,4.3124,34.604,-122.1044,5.0,High
10.0949,40.0,6.8151,2.2574,1816.0,4.3726,40.384,-115.0776,4.909,High
12.8891,45.0,6.6594,1.0607,410.0,2.8822,39.1562,-119.6906,5.0,High
10.2066,32.0,7.9846,1.4355,4638.0,5.3686,38.8694,-122.02,5.0,High
8.9563,29.0,8.4942,1.6752,1360.0,5.8176,40.9311,-119.6198,4.9872,High
2.3114,51.0,7.2518,2.823,4032.0,2.4797,38.8942,-119.9126,0.8563,Low
6.148,,3.0248,2.9852,3368.0,1.8967,34.838,-119.7108,3.1804,Medium
4.7128,40.0,4.7061,0.8988,684.0,2.3754,38.9386,-118.1444,2.5594,Medium
4.4159,34.0,9.4247,2.4742,2899.0,5.1925,35.0581,-118.7883,1.5648,Low
14.6221,40.0,3.7969,1.6178,459.0,4.5449,39.5924,-122.5022,5.0,High
6.5034,27.0,4.9773,1.6634,2966.0,4.3622,38.1975,-123.3442,3.4848,High
13.4887,13.0,5.4566,2.4594,2111.0,3.3081,32.7741,-116.7058,5.0,High
9.8359,45.0,5.5152,2.8205,4106.0,4.1002,37.1284,-118.4028,4.8725,High
12.1274,33.0,6.9035,2.892,1725.0,2.8854,35.433,-120.41,5.0,High
8.0369,6.0,9.5446,2.0697,2864.0,3.6474,35.2857,-115.9164,3.9502,High
9.0767,24.0,3.9255,1.5857,990.0,5.0688,38.0226,-120.1194,4.2874,High
7.8952,19.0,2.972,2.5326,831.0,5.9156,35.2232,-116.0403,4.0733,High
3.7334,16.0,3.5798,1.3522,4061.0,5.6962,39.7689,-120.9424,1.883,Medium
11.1143,40.0,9.0954,2.041,4801.0,5.7024,32.7079,-123.2715,5.0,High
4.9308,28.0,7.1665,1.5889,2604.0,3.31,38.6039,-114.6736,3.1493,Medium
1.3404,33.0,4.2873,2.2446,714.0,3.6096,40.0919,-120.0545,1.07,Low
10.0366,48.0,8.5276,1.3289,3906.0,4.6754,38.7283,-116.0731,4.2692,High
3.4795,41.0,8.891,1.2215,1819.0,5.6499,36.9723,-121.2086,1.4906,Low
14.1664,13.0,8.7721,2.8201,4869.0,2.139,41.5031,-117.5363,5.0,High
14.355,43.0,9.3514,1.024,1687.0,2.8691,34.9994,-115.2669,5.0,High
13.8081,45.0,4.0179,1.9131,1711.0,2.1266,32.1917,-123.5836,5.0,High
6.1822,25.0,8.0403,1.2859,996.0,4.254,36.3199,-115.6936,2.9186,Medium
1.2164,42.0,5.6843,0.8856,377.0,2.8784,32.3301,-118.2867,0.5,Low
13.9965,36.0,8.736,0.8792,4747.0,2.9675,41.5394,-117.9253,5.0,High
6.9946,27.0,7.8279,1.1855,1736.0,1.8191,34.0992,-118.7684,3.4135,High
14.5332,38.0,8.2116,2.7069,2258.0,3.0741,39.8893,-115.2552,5.0,High
14.4907,7.0,7.2493,1.4215,2532.0,5.3812,39.7457,-123.5657,5.0,High
12.9421,5.0,3.4194,2.891,4004.0,2.5488,34.1773,-121.3897,5.0,High
5.1223,43.0,6.3602,2.0796,4956.0,4.6283,38.2123,-115.2424,2.4522,Medium
6.3914,45.0,9.8774,1.7606,3362.0,4.3333,32.4808,-116.4765,3.5715,High
12.9159,51.0,9.4991,2.0762,1549.0,5.3857,36.8357,-123.8235,5.0,High
5.4369,31.0,2.3454,1.9367,4600.0,2.0953,32.1465,-118.8299,2.3668,Medium
3.3729,23.0,3.3185,2.4693,1332.0,5.8992,41.2114,-118.7043,2.1987,Medium
8.7952,42.0,3.0538,1.4215,4217.0,4.1218,41.7609,-119.9912,4.4108,High
14.1062,10.0,7.8078,1.5767,777.0,5.9796,34.2228,-121.0261,5.0,High
10.7444,32.0,8.5423,2.767,2758.0,5.6018,34.0811,-117.1828,4.6914,High
8.9809,43.0,3.7081,2.8822,2128.0,2.4968,39.5372,-121.9221,3.8993,High
2.3605,30.0,6.0468,2.7636,3858.0,1.7527,34.5338,-116.0105,1.6008,Low
9.6101,39.0,8.7256,1.7228,4724.0,2.6504,40.9508,-115.9696,5.0,High
14.8608,31.0,7.8624,2.5168,2137.0,3.874,37.7393,-119.8474,5.0,High
2.9612,18.0,6.3379,1.8479,2749.0,2.2722,35.5078,-121.1645,0.9229,Low
8.2566,36.0,6.7228,1.8946,756.0,2.2536,40.3269,-121.1612,3.6894,High
13.2832,2.0,6.0669,1.2503,265.0,3.5817,36.9341,-119.1771,5.0,High
11.3708,14.0,4.3804,2.1005,4691.0,1.6497,41.1163,-116.8042,5.0,High
10.7582,13.0,,1.2095,689.0,2.0485,41.2801,-120.4113,5.0,High
10.8348,29.0,7.5111,1.5294,4624.0,3.3714,33.6542,-117.8996,5.0,High
6.0329,12.0,8.9866,2.6811,2921.0,1.7841,32.0232,-120.1752,2.7101,Medium
5.1103,39.0,7.0903,1.2556,4358.0,3.2854,41.8393,-120.9548,2.4284,Medium
12.3311,2.0,8.089,0.9565,1362.0,3.633,41.0614,-123.7514,5.0,High
12.3416,32.0,3.2806,0.9518,171.0,3.5307,32.5545,-123.9609,5.0,High
13.139,13.0,5.6925,2.8697,3616.0,5.4113,40.3303,-121.7279,5.0,High
13.7854,46.0,2.0747,1.9152,4850.0,3.8853,36.578,-119.9359,5.0,High
8.1588,27.0,3.9734,1.7007,3680.0,3.6059,34.5896,-115.4874,4.2267,High
8.0212,49.0,7.8117,2.5839,368.0,3.3482,40.7875,-116.0152,3.7855,High
12.1761,41.0,9.9345,2.6388,1876.0,5.1793,33.9667,-121.3283,5.0,High
10.0995,17.0,2.7934,1.5308,2562.0,5.5278,41.473,-121.5546,5.0,High
10.8275,40.0,5.212,2.326,1368.0,5.3396,34.0562,-121.7268,5.0,High
12.1411,31.0,8.4006,2.4965,1115.0,4.531,38.1368,-120.6076,5.0,High
13.4601,34.0,3.6323,2.2402,2822.0,2.1181,34.2309,-119.018,5.0,High
5.7319,24.0,6.4407,1.1335,1183.0,2.7459,37.4567,-119.6133,2.8968,Medium
6.2582,45.0,7.8646,2.7269,4201.0,1.7073,38.8398,-121.8173,2.8203,Medium
2.3157,35.0,6.9279,1.986,506.0,5.6887,33.9023,-122.6955,0.8197,Low
9.0959,48.0,3.5042,1.4214,3176.0,4.4736,37.2089,-123.8742,4.0439,High
1.5032,6.0,4.8431,1.7355,1085.0,4.8586,36.6906,-122.4604,0.5,Low
7.5184,19.0,8.2703,0.8827,3703.0,2.9021,32.7104,-116.9464,3.6905,High
8.597,30.0,6.4338,1.0813,4585.0,5.3054,40.1831,-121.5636,4.107,High
5.0116,7.0,2.0418,2.4842,809.0,2.6682,35.3568,-119.314,2.305,Medium
9.2717,10.0,8.0879,0.8,2718.0,1.5074,37.7458,-118.087,4.4583,High
1.427,41.0,2.2825,1.7164,4949.0,3.1939,37.1478,-115.1316,0.6189,Low
1.5229,32.0,7.9659,1.9495,1511.0,4.0684,37.1326,-115.1114,1.0944,Low
12.5164,34.0,3.6198,0.9202,4721.0,3.6542,33.0722,-116.5427,5.0,High
6.0427,28.0,9.6646,2.9408,1585.0,5.3793,36.2348,-123.6484,2.9551,Medium
2.7788,15.0,4.9435,1.2975,3050.0,1.9743,36.5237,-118.2493,1.0834,Low
8.3114,30.0,,1.4692,4751.0,3.9922,39.3364,-116.1342,3.9993,High
11.7799,37.0,3.1911,1.4687,3034.0,3.8084,40.4002,-123.8271,5.0,High
4.0215,29.0,4.4448,1.3069,4214.0,2.7663,37.4498,-118.5032,2.2214,Medium
9.7205,22.0,9.0132,0.8032,4770.0,5.2,32.8678,-115.4224,5.0,High
2.1949,4.0,9.9707,2.4046,1103.0,4.8878,34.3685,-119.259,1.4579,Low
1.7235,20.0,4.9465,2.9271,2566.0,4.7979,33.6493,-123.9589,0.9422,Low
8.439,32.0,5.5889,1.2934,2566.0,5.4429,33.2462,-123.8899,4.2358,High
8.5689,36.0,7.7766,2.2587,2038.0,4.7525,35.659,-119.8336,4.2556,High
9.924,50.0,9.0896,2.4322,2039.0,2.5433,34.2939,-122.4499,4.6778,High
11.1653,4.0,6.7444,2.6665,1735.0,4.675,34.183,-117.3555,5.0,High
14.6619,27.0,5.1322,1.7298,1798.0,2.8847,32.5469,-116.912,5.0,High
8.2282,17.0,5.301,1.4664,4627.0,2.5898,32.1767,-122.2212,4.2721,High
5.5214,12.0,7.5649,1.5156,2191.0,1.8285,33.0277,-115.1147,2.8064,Medium
12.1326,22.0,2.0257,2.3678,1995.0,4.8481,33.722,-119.5809,5.0,High
4.7917,17.0,6.9567,2.5969,4340.0,4.6995,36.3098,-122.5715,2.0175,Medium
7.1456,10.0,4.8439,1.1996,3498.0,2.5552,37.1052,-116.3575,3.7976,High
2.0984,1.0,8.3536,1.6161,1173.0,4.8722,33.4059,-116.1003,1.1154,Low
1.3549,22.0,2.7439,2.7843,2502.0,5.6303,36.2478,-117.607,0.5955,Low
14.4771,26.0,6.7056,2.5747,4995.0,1.9861,35.4175,-115.4653,5.0,High
12.7037,18.0,,2.9667,3312.0,2.5469,33.8342,-116.6263,5.0,High
10.7436,50.0,7.1386,2.4593,4137.0,4.8762,32.0684,-115.1779,5.0,High
6.7253,14.0,2.5188,1.665,1251.0,2.7353,36.6702,-119.6611,3.5679,High
3.4261,47.0,6.6399,2.0994,2545.0,4.311,38.8565,-116.524,1.5952,Low
3.1901,29.0,6.4919,2.2542,2056.0,1.8652,34.2628,-114.0025,1.4175,Low
4.5034,12.0,6.4853,0.9726,4658.0,3.5349,33.3181,-116.7507,2.2366,Medium
8.6892,36.0,6.8279,1.9979,4007.0,4.8259,40.8704,-122.8582,4.3629,High
11.0043,35.0,7.4117,2.3605,907.0,4.5893,34.7502,-118.8168,4.7996,High
10.2428,,8.4399,1.1681,286.0,5.1678,34.2361,-118.1265,5.0,High
4.9191,7.0,4.1586,2.5174,4927.0,5.4485,40.571,-122.2579,3.194,Medium
14.3681,29.0,8.6004,2.0843,4624.0,4.9793,40.1711,-114.3711,5.0,High
11.3306,11.0,5.986,2.8949,1407.0,4.5221,36.4835,-122.2442,5.0,High
8.761,33.0,2.6165,0.8933,2384.0,1.6428,36.8924,-122.2244,4.1933,High
9.5641,6.0,2.4684,1.3837,4966.0,3.9074,34.1775,-114.8483,4.989,High
6.8744,47.0,4.6739,2.1234,857.0,1.6696,32.783,-119.3479,3.1715,Medium
4.4682,15.0,8.2792,1.4524,4331.0,5.1363,37.7343,-123.3681,2.5025,Medium
5.9836,32.0,7.6614,2.3717,4987.0,2.9433,32.9834,-118.0181,2.8562,Medium
11.6098,51.0,8.3089,2.4698,3954.0,4.0309,36.4927,-117.9817,5.0,High
1.2015,11.0,6.1382,1.0255,4366.0,2.7575,41.405,-123.355,1.1131,Low
2.625,23.0,5.5216,1.9305,2306.0,5.0213,41.5283,-114.2748,1.1537,Low
1.644,26.0,3.1796,1.9196,3658.0,5.4893,34.3933,-118.5597,0.6995,Low
1.5702,34.0,4.6255,1.6124,1680.0,3.2939,38.2411,-118.402,0.6546,Low
12.9764,46.0,5.4722,2.8524,1061.0,5.3832,36.7408,-118.7988,5.0,High
10.8512,34.0,2.7088,2.6205,3947.0,2.7018,40.7569,-117.8927,4.9985,High
7.6384,29.0,3.7649,2.3339,3675.0,3.906,34.7143,-121.357,3.3857,High
2.3697,4.0,6.7858,2.3715,975.0,5.3644,32.037,-121.1276,1.6076,Low
7.8826,17.0,7.8853,1.8158,2518.0,2.9665,33.6256,-118.8866,4.2621,High
7.6286,35.0,9.9868,2.8262,4298.0,5.7932,35.4952,-115.9331,4.0609,High
3.4248,13.0,9.4649,2.3281,1101.0,2.0485,35.1572,-123.5014,1.7212,Low
7.0739,41.0,7.1405,2.4038,3484.0,1.5822,39.9136,-117.966,3.971,High
6.5791,39.0,5.37,2.6957,4166.0,5.5686,38.8056,-115.9322,3.1415,Medium
9.6219,15.0,7.0894,1.403,2945.0,1.8089,34.9956,-122.4308,5.0,High
9.8913,29.0,8.2852,2.5756,1581.0,5.9635,36.5774,-123.8498,4.4669,High
1.6343,29.0,2.9467,1.2295,3401.0,5.7813,32.9556,-120.8729,0.6327,Low
6.2446,11.0,5.2792,1.5598,757.0,2.1166,40.9815,-118.1186,3.0733,Medium
9.762,32.0,8.7184,1.5383,2880.0,3.9191,41.3542,-122.6172,4.7885,High
8.0439,2.0,5.0707,2.9528,522.0,2.3321,41.798,-119.7388,3.665,High
12.9909,47.0,6.575,2.6844,3781.0,3.4267,40.6855,-118.4768,5.0,High
10.2217,14.0,6.7022,2.3426,4366.0,1.7764,33.7396,-118.0112,5.0,High
3.2811,20.0,3.4758,2.3995,2810.0,2.5077,32.462,-121.2559,1.3522,Low
1.988,22.0,4.8979,2.0366,552.0,3.1347,37.796,-119.9997,0.5888,Low
9.9939,11.0,4.6761,2.8836,2497.0,3.4739,41.1261,-116.2166,4.758,High
1.3712,27.0,2.2096,1.8918,2075.0,5.8987,33.7735,-114.5879,0.7213,Low
9.2009,3.0,2.1935,1.6371,1757.0,5.1354,32.0704,-115.3812,4.4284,High
14.1632,17.0,8.6536,1.1587,2641.0,4.8183,40.055,-118.3572,5.0,High
9.0566,44.0,4.1846,2.5297,3175.0,3.9167,32.768,-119.8971,4.0281,High
6.4344,28.0,6.1446,2.4158,3264.0,5.28,36.1371,-120.6704,3.7324,High
10.006,29.0,4.3898,1.6456,3066.0,3.027,38.7889,-122.7504,4.9239,High
7.4155,21.0,9.5254,0.8554,2153.0,4.69,34.368,-122.9345,4.0429,High
8.6386,47.0,4.0744,2.6458,387.0,5.972,32.8396,-117.1164,4.273,High
14.1805,16.0,5.4373,0.8251,3317.0,2.9158,39.7002,-121.4021,5.0,High
6.4054,37.0,8.9818,2.3481,3954.0,4.5331,38.3018,-121.4534,3.0794,Medium
14.4567,20.0,8.7355,2.9346,1547.0,5.2994,41.8849,-114.018,5.0,High
13.6749,6.0,3.4888,1.7629,707.0,5.6211,35.4431,-122.1207,5.0,High
3.7411,19.0,8.4211,1.3169,4652.0,4.7307,32.6176,-122.5194,1.5574,Low
1.9711,5.0,5.6655,2.3507,1864.0,2.7762,39.3435,-123.0131,0.6821,Low
2.4109,3.0,5.8638,2.5977,1325.0,2.9683,37.2173,-118.2019,1.875,Medium
1.2551,1.0,3.0678,2.0021,1335.0,1.5934,34.132,-117.7214,0.7369,Low
2.3222,38.0,2.6448,2.9275,1129.0,4.924,39.8173,-120.3477,1.4373,Low
10.5621,15.0,7.8235,0.9137,2771.0,1.6923,34.0376,-118.6459,5.0,High
1.9966,34.0,5.9717,1.9106,4062.0,5.3909,34.6066,-116.116,0.5125,Low
5.4657,35.0,5.4948,2.3806,4642.0,2.034,32.9253,-115.819,2.3195,Medium
12.8283,49.0,7.8361,2.6978,3277.0,2.2734,35.9943,-114.4209,5.0,High
1.3258,25.0,8.1241,1.1944,3822.0,3.6444,36.1893,-115.7573,0.6301,Low
12.4026,24.0,3.2713,2.56,1575.0,4.8205,37.1456,-118.3516,5.0,High
4.946,12.0,6.8818,2.016,2996.0,2.1255,39.0896,-122.2034,2.2499,Medium
2.6543,18.0,3.0828,1.6724,908.0,3.4803,41.061,-123.0024,1.2943,Low
10.7543,15.0,8.011,1.0898,1078.0,3.6728,33.3773,-123.4549,5.0,High
9.8052,44.0,7.2556,2.7037,2563.0,2.4553,32.5435,-117.3347,4.9658,High
13.2846,16.0,9.6529,1.146,825.0,2.02,32.1853,-115.9246,5.0,High
11.291,27.0,2.5517,1.4815,2601.0,5.2639,33.4362,-118.9132,5.0,High
12.2487,8.0,2.4564,1.4381,3462.0,3.7611,38.5795,-123.4529,5.0,High
4.9485,46.0,4.2575,2.7171,1316.0,1.5647,39.2748,-118.6453,2.3066,Medium
3.4842,25.0,4.0936,2.2799,4151.0,5.1134,39.8651,-114.6425,1.1998,Low
11.5086,17.0,3.9758,2.5527,2297.0,5.9136,34.4371,-118.0239,5.0,High
12.2957,29.0,9.25,1.351,2906.0,4.2267,35.0589,-115.9057,5.0,High
14.8671,8.0,3.9964,2.1747,878.0,3.7667,36.8313,-115.9985,5.0,High
6.7766,15.0,4.1756,2.0578,1072.0,5.4529,32.6318,-114.6787,3.382,High
6.2083,27.0,8.0752,2.6322,2910.0,5.7863,38.1114,-116.2977,2.9685,Medium
11.8698,46.0,5.5979,2.7934,2223.0,4.8954,41.8374,-116.523,5.0,High
5.7712,50.0,8.2137,0.8267,698.0,3.5045,35.6081,-121.659,3.0809,Medium
14.0306,7.0,2.5229,2.2828,3441.0,4.165,39.5285,-123.4007,5.0,High
13.0178,3.0,5.9006,0.914,324.0,4.6542,37.0003,-118.824,5.0,High
7.0059,29.0,2.2689,2.0075,940.0,2.3742,33.2781,-122.7557,3.3911,High
11.5122,44.0,2.5012,1.4328,1914.0,3.5124,37.8224,-114.378,5.0,High
11.5636,24.0,9.2515,1.4749,4909.0,5.2342,34.9987,-121.1008,5.0,High
2.4437,3.0,3.114,1.5765,1206.0,4.4463,32.344,-115.4706,1.0149,Low
13.6357,20.0,6.2594,2.1668,224.0,3.3504,38.3493,-120.1238,5.0,High
8.0735,46.0,5.2888,1.5349,3346.0,4.4851,40.5893,-120.7681,3.4713,High
12.5704,15.0,4.7787,2.4119,3031.0,2.032,35.4477,-114.6484,5.0,High
5.4807,25.0,9.1987,1.69,4225.0,3.3067,35.903,-120.3668,3.1047,Medium
13.5373,30.0,2.1746,0.9504,3071.0,5.0691,40.9102,-120.0971,5.0,High
6.4488,14.0,7.3103,2.5243,2117.0,2.4923,40.1361,-122.9391,3.4863,High
1.1517,7.0,9.7072,1.4287,2515.0,2.3368,39.1495,-117.2955,0.5,Low
13.6753,17.0,6.4813,1.7521,4690.0,5.7787,34.488,-121.1116,5.0,High
2.278,44.0,9.4946,2.308,3196.0,2.4445,41.1022,-118.144,0.6329,Low
5.4704,20.0,2.4181,1.5314,1709.0,2.6741,33.5442,-118.0865,2.3965,Medium
14.3009,36.0,5.3503,0.9245,817.0,5.8633,38.2677,-116.808,5.0,High
14.3085,9.0,4.0813,1.6226,3661.0,4.8062,32.288,-116.5476,5.0,High
9.0281,38.0,7.8466,2.8778,1116.0,4.6482,38.4372,-118.8555,4.671,High
9.8457,48.0,9.8504,2.2118,3665.0,5.3382,34.7714,-120.6901,4.3979,High
7.2782,22.0,4.0522,2.2773,4801.0,2.0212,36.4968,-115.6255,3.4836,High
5.105,2.0,7.2334,2.191,4570.0,4.6768,35.4526,-120.9013,2.4297,Medium
5.6013,24.0,3.5848,1.2378,2060.0,3.7666,33.7276,-118.9249,2.3834,Medium
10.4153,8.0,6.5226,1.7203,1148.0,5.2312,38.2198,-119.9875,5.0,High
11.5332,11.0,5.7115,2.4521,1457.0,3.7866,40.8198,-115.4492,5.0,High
12.0821,13.0,9.776,1.023,3526.0,4.2911,41.5908,-119.6808,5.0,High
12.0547,17.0,6.8682,1.4113,215.0,3.6498,33.9235,-120.139,5.0,High
2.2769,8.0,4.7961,1.4079,2195.0,3.6517,39.1737,-117.1018,0.9107,Low
7.9219,21.0,2.9128,1.7504,1901.0,4.9559,38.6434,-117.9756,4.3346,High
1.8058,18.0,3.21,2.9568,2246.0,4.3285,35.4338,-122.9275,1.0137,Low
8.6934,30.0,,0.9485,1720.0,4.3497,32.191,-118.9183,3.8901,High
7.1814,18.0,4.0077,1.9411,4880.0,3.5263,38.8979,-116.6452,4.1352,High
13.4279,46.0,8.8049,1.1946,3050.0,3.89,41.4549,-114.0793,5.0,High
5.9128,47.0,6.4898,2.9355,3892.0,4.8557,38.3212,-117.7085,3.1478,Medium
2.6389,31.0,6.1871,1.0493,3041.0,5.2167,36.3529,-120.2971,1.27,Low
3.0019,38.0,2.9182,1.6879,1077.0,4.6345,37.2515,-121.7385,1.4525,Low
11.6611,,8.8811,2.4233,3166.0,5.6583,33.9963,-115.2717,5.0,High
9.6551,11.0,7.7825,2.35,883.0,5.1915,39.5054,-115.8543,5.0,High
2.4157,45.0,2.5413,1.73,340.0,4.0284,39.4642,-121.6608,0.9056,Low
2.1775,25.0,7.6627,1.5624,1653.0,4.5213,33.4552,-121.9937,1.1999,Low
10.8136,33.0,6.3483,1.6747,4678.0,5.6684,40.7798,-116.8486,5.0,High
2.0187,38.0,2.6538,1.3814,1112.0,4.2863,34.6919,-120.8505,0.91,Low
12.506,41.0,5.6664,1.2517,286.0,5.2116,41.8226,-120.936,5.0,High
10.8874,8.0,5.8776,1.8627,1981.0,4.5996,35.829,-122.4771,5.0,High
2.1389,11.0,3.3262,1.3908,4686.0,3.9837,33.7788,-121.3602,1.638,Low
2.1877,22.0,9.5656,1.4324,530.0,2.5883,35.5172,-119.7249,0.991,Low
14.813,,8.7998,2.2449,338.0,3.417,36.4018,-116.6716,5.0,High
6.2398,24.0,7.3522,2.9308,2445.0,5.8548,32.6931,-120.6369,2.8875,Medium
6.189,41.0,5.6984,2.128,175.0,4.4599,37.7822,-120.714,2.6821,Medium
12.3792,17.0,5.2941,0.9694,1456.0,4.0398,37.9763,-121.1509,5.0,High
14.2615,12.0,7.2078,0.9663,2430.0,5.6983,39.3893,-119.2172,5.0,High
14.804,46.0,6.3635,2.8931,4786.0,4.1393,32.2917,-122.1936,5.0,High
11.5473,32.0,2.4982,1.454,2002.0,3.8674,37.4124,-119.1437,5.0,High
6.2676,15.0,6.1,1.0025,4113.0,4.9169,32.5291,-116.9582,3.542,High
2.169,16.0,8.4512,2.1179,4770.0,4.707,39.0114,-123.7021,1.2114,Low
11.8801,22.0,5.6739,2.172,2159.0,2.3692,32.5573,-123.9022,5.0,High
8.8177,28.0,2.4157,2.2267,240.0,3.6209,41.1173,-123.2488,3.9754,High
6.9391,20.0,8.2902,1.3883,1889.0,3.6263,39.0208,-118.6434,3.7476,High
13.689,33.0,3.6109,0.8332,3726.0,3.202,37.0739,-115.4554,5.0,High
2.5568,10.0,4.069,2.923,116.0,3.8278,36.415,-123.9512,1.4706,Low
7.8968,40.0,3.3177,1.352,4448.0,3.359,33.3067,-114.6334,3.267,High
1.159,32.0,4.6417,2.2873,564.0,2.3971,34.91,-122.9372,0.655,Low
7.5612,50.0,8.054,2.3546,4571.0,3.3556,40.6896,-115.5802,2.9386,Medium
1.7882,33.0,6.1551,2.142,1927.0,1.8252,41.0445,-119.1715,0.7079,Low
2.6635,2.0,3.6391,1.4884,3128.0,4.091,32.0075,-117.4064,0.8465,Low
2.6454,33.0,9.0226,1.3964,619.0,5.3414,37.9414,-118.8932,1.4378,Low
10.0889,33.0,9.0367,2.1149,189.0,4.7638,39.193,-119.2295,4.9906,High
11.4446,41.0,,2.7054,4915.0,3.1218,38.1875,-115.651,5.0,High
9.1672,13.0,3.9104,2.8828,2951.0,1.8918,32.8168,-116.4411,4.988,High
14.4704,30.0,5.6099,1.033,2943.0,2.4097,34.1772,-119.166,5.0,High
6.2482,33.0,9.8799,1.1406,4825.0,3.9547,34.5034,-122.8836,2.1485,Medium
5.0,13.0,8.1761,2.8784,1984.0,2.4318,40.3172,-122.846,2.6709,Medium
13.1604,26.0,2.2173,2.4204,4271.0,3.9479,36.632,-115.9846,5.0,High
4.1303,22.0,,2.7426,1025.0,2.5422,36.8683,-118.7061,1.7561,Low
14.4851,39.0,5.7115,1.2458,3834.0,5.3202,41.3489,-119.1841,5.0,High
1.1702,2.0,9.2738,2.0927,1069.0,3.2877,38.3709,-117.1943,0.5,Low
14.5783,38.0,6.3096,2.3425,1194.0,2.605,40.9867,-115.4116,5.0,High
1.6042,39.0,5.9825,2.2962,3295.0,5.1555,36.5651,-117.7113,0.5,Low
13.476,26.0,2.8438,1.6979,1504.0,3.0428,33.4944,-116.3715,5.0,High
8.3878,46.0,7.2542,0.8339,3464.0,2.0017,41.2994,-116.3473,3.6678,High
14.9015,50.0,8.5768,2.0824,4390.0,4.0668,36.5871,-120.4374,5.0,High
2.0332,15.0,5.0434,1.3568,4082.0,4.117,33.8163,-121.2592,1.3406,Low
8.754,34.0,8.2049,1.7906,4423.0,4.7161,35.024,-115.9884,4.5238,High
14.5702,42.0,9.7158,2.9067,4113.0,2.581,32.508,-120.2282,5.0,High
8.3234,44.0,3.6301,1.6779,4656.0,3.497,36.683,-114.9666,3.6814,High
9.8116,49.0,6.1866,2.6476,4813.0,2.7707,40.5313,-123.3031,4.7704,High
10.7405,40.0,4.2971,1.2148,3192.0,1.8643,41.3358,-123.4178,5.0,High
7.3636,11.0,8.3428,2.2794,4259.0,5.4448,41.326,-114.73,3.7706,High
9.7858,,6.6207,2.9494,2174.0,4.7799,33.2523,-117.5155,4.3145,High
9.1804,6.0,7.0767,1.0242,384.0,2.8566,35.8205,-120.204,4.8731,High
13.6162,9.0,8.3833,0.8183,1287.0,4.1972,32.2823,-116.4494,5.0,High
1.6362,6.0,5.1678,1.7539,4069.0,2.4057,40.5517,-117.2767,1.5023,Low
4.9335,9.0,9.3207,1.0038,3065.0,5.5061,35.5876,-118.688,2.9068,Medium
14.3058,39.0,6.2642,2.4464,4419.0,2.0171,38.3112,-123.0113,5.0,High
13.4637,31.0,3.2636,2.812,883.0,1.5173,39.149,-115.8782,5.0,High
7.3792,32.0,7.5672,1.7548,1049.0,3.759,36.2984,-115.3398,3.3864,High
9.6819,41.0,8.3461,1.3692,4039.0,4.1241,35.0644,-122.2783,5.0,High
4.8833,50.0,,1.7557,144.0,4.1053,41.6221,-115.4949,2.1833,Medium
3.6337,12.0,8.8574,2.3916,1910.0,1.7453,41.6449,-115.2215,2.1959,Medium
7.4918,8.0,9.2491,0.8199,4666.0,2.9132,34.8944,-118.5057,3.9186,High
5.9469,8.0,4.2152,2.0968,2181.0,3.7464,36.7963,-117.4382,3.098,Medium
9.1712,50.0,9.8682,2.1492,3598.0,2.4746,41.7284,-120.1776,4.6126,High
2.0883,28.0,3.1257,2.2029,929.0,5.4268,32.0487,-121.1821,0.6595,Low
14.6415,20.0,3.6161,1.3324,2009.0,1.892,36.1268,-116.7802,5.0,High
14.807,47.0,3.4738,2.3709,2681.0,3.6932,33.0046,-115.3812,5.0,High
10.7743,7.0,9.1519,1.0011,791.0,4.6114,37.0916,-117.4592,5.0,High
8.5053,11.0,7.2343,1.2384,4119.0,2.6779,32.2467,-118.8841,3.9863,High
5.3334,20.0,3.2168,2.7304,1031.0,4.3091,36.069,-122.4108,2.3525,Medium
12.3931,16.0,5.5226,2.4252,3506.0,5.2322,34.207,-123.4654,5.0,High
10.5862,4.0,6.9224,0.8302,247.0,2.3565,37.3331,-119.5431,5.0,High
3.2766,6.0,2.6677,1.3464,1132.0,5.6275,41.9599,-123.5065,1.521,Low
13.753,22.0,9.0593,1.2717,1411.0,3.991,40.0054,-118.3067,5.0,High
12.5155,26.0,8.4288,1.3958,487.0,2.8465,40.4564,-120.1727,5.0,High
14.2972,3.0,6.0417,1.3446,3221.0,3.4389,38.3526,-116.4281,5.0,High
11.1601,41.0,9.737,0.9376,1973.0,2.9049,32.4156,-120.9435,5.0,High
9.5878,42.0,5.3421,1.8097,3688.0,4.763,34.068,-118.0702,4.4755,High
6.8554,14.0,9.8729,2.412,1015.0,5.0834,41.2506,-118.6232,2.8863,Medium
14.0582,11.0,7.3434,2.1348,1978.0,5.2482,35.6611,-123.9529,5.0,High
13.1249,18.0,7.0774,2.2803,3848.0,5.936,33.0364,-123.2761,5.0,High
1.6331,12.0,3.3276,0.9785,377.0,5.0608,39.0241,-121.0963,0.8918,Low
1.3691,23.0,9.0554,2.8933,2077.0,4.2062,34.9946,-115.1776,0.5718,Low
6.2705,12.0,5.4199,2.6447,1959.0,3.0265,34.6886,-122.5299,2.9227,Medium
12.3477,13.0,3.2979,2.5712,3136.0,3.9507,41.9798,-116.8911,5.0,High
14.8219,25.0,2.1009,2.6106,3471.0,1.6848,40.5814,-114.2663,5.0,High
3.1058,45.0,6.478,2.852,4813.0,4.8517,36.0794,-116.0943,1.644,Low
9.3178,51.0,6.2192,1.9974,2282.0,3.5068,41.8026,-121.5705,4.8528,High
6.3325,19.0,7.7548,1.2406,4775.0,1.5901,38.5011,-114.9163,2.8156,Medium
14.5788,46.0,9.1221,2.1569,1270.0,1.7813,39.4202,-123.0689,5.0,High
12.7897,36.0,2.6353,2.4343,589.0,3.2436,32.3151,-119.3186,5.0,High
12.7366,45.0,7.852,2.4234,2625.0,4.1254,33.2161,-115.1246,5.0,High
7.5617,8.0,3.4993,1.9472,1282.0,3.5889,38.3309,-117.5873,4.0439,High
6.8075,29.0,8.8654,0.9506,4579.0,4.2864,40.9902,-119.8636,3.1851,Medium
4.8277,32.0,8.5525,1.6164,4358.0,3.6613,38.2374,-121.0719,1.6902,Low
1.7893,51.0,6.3264,2.8257,2588.0,4.4777,33.3402,-120.249,0.9144,Low
13.1061,44.0,7.6819,2.0858,1976.0,2.4861,33.1576,-118.9106,5.0,High
12.3806,18.0,4.5148,1.9843,2562.0,2.0078,40.4419,-120.8096,5.0,High
14.996,6.0,5.7693,1.3915,1730.0,4.184,33.393,-114.3103,5.0,High
14.9529,18.0,8.5731,1.6106,387.0,3.6811,37.2023,-114.6692,5.0,High
8.776,19.0,5.6741,2.7698,4382.0,1.6209,32.3711,-115.2933,3.8961,High
11.7658,22.0,4.8624,2.2662,2007.0,3.2122,32.8067,-119.7817,5.0,High
14.2267,37.0,5.9537,2.5323,1261.0,1.9776,38.7235,-117.087,5.0,High
12.8951,32.0,8.626,1.7996,229.0,3.8911,38.8918,-114.9717,5.0,High
4.4629,41.0,4.6817,2.1865,2463.0,3.281,35.4147,-115.4957,1.9614,Medium
7.3076,3.0,3.3901,1.3464,243.0,4.2592,34.1561,-119.8567,3.8203,High
2.8082,28.0,7.6961,2.352,115.0,5.1252,40.1371,-122.8761,1.0191,Low
14.3567,10.0,8.6078,1.7407,344.0,2.8485,34.171,-123.2437,5.0,High
9.4864,51.0,2.8051,1.7736,1026.0,5.8295,37.4203,-118.2294,3.5514,High
4.201,35.0,3.919,2.2285,3278.0,3.9104,41.6821,-117.5737,2.1319,Medium
10.4038,29.0,3.1358,2.8598,2276.0,4.2823,33.4785,-115.5016,5.0,High
9.6538,15.0,4.7835,0.9408,986.0,4.563,41.4088,-121.0748,4.8259,High
6.0143,33.0,5.6028,2.6144,440.0,4.5003,33.8289,-122.3253,2.4501,Medium
2.5898,7.0,7.9906,1.4432,2151.0,3.7994,37.6744,-120.2099,1.4592,Low
10.402,12.0,7.2092,1.7766,3498.0,3.4294,35.7701,-120.4642,5.0,High
8.2843,49.0,6.9674,0.8482,4050.0,1.742,41.6493,-122.6753,3.9114,High
11.8125,30.0,4.819,1.4623,405.0,1.5994,34.7354,-117.2772,5.0,High
8.2823,21.0,8.7316,1.9058,1007.0,3.1108,35.9966,-118.9131,3.8623,High
12.9305,31.0,5.7703,0.9236,2754.0,3.0015,41.8286,-116.7888,5.0,High
8.7267,24.0,9.8328,1.8804,3892.0,3.2446,37.3647,-120.4731,3.8823,High
8.8531,20.0,7.0731,2.8396,4142.0,2.1227,37.0263,-120.743,4.6337,High
13.2732,37.0,3.0101,1.0319,1471.0,4.8218,34.5778,-119.2742,5.0,High
6.6488,4.0,7.4094,2.4818,420.0,5.3563,39.0136,-115.2259,3.0127,Medium
2.8762,28.0,4.6008,1.7013,4754.0,5.7242,32.1437,-123.5972,1.1035,Low
1.403,44.0,7.4906,2.2414,4159.0,3.7156,32.4951,-115.9517,0.5747,Low
11.5719,20.0,2.5571,1.3725,1231.0,4.6539,37.9936,-120.3101,5.0,High
9.6843,24.0,3.3991,1.1509,2678.0,5.35,35.4167,-115.4538,5.0,High
10.8571,50.0,8.8459,1.153,4142.0,3.3823,41.5332,-115.978,5.0,High
3.9815,49.0,3.8174,0.9551,3467.0,2.8924,41.0319,-120.5124,1.3745,Low
2.9092,51.0,8.6963,1.2084,917.0,5.7153,39.1371,-117.0612,1.3581,Low
1.2036,32.0,4.2342,2.2613,111.0,3.8205,40.1815,-122.4037,1.0196,Low
5.9082,41.0,7.1431,2.7397,294.0,3.7376,38.6733,-115.0372,2.3337,Medium
9.2588,36.0,7.5532,2.5911,2637.0,2.3029,33.2558,-119.9551,4.2386,High
6.4914,34.0,6.1012,2.3073,2942.0,1.9867,39.6554,-119.4437,3.32,High
7.1246,36.0,4.4425,1.043,2329.0,5.2895,34.1019,-116.9424,3.4728,High
13.6582,2.0,3.7012,1.4362,3109.0,4.2636,35.2344,-115.7916,5.0,High
5.8756,15.0,2.2655,1.4816,4851.0,2.9662,40.1923,-121.6366,2.9515,Medium
8.1959,34.0,4.4316,1.3499,2177.0,2.3628,37.3653,-117.3865,4.2655,High
11.9711,36.0,7.2253,1.933,3967.0,3.9997,40.5994,-120.08,5.0,High
6.5516,6.0,9.5064,1.9782,4973.0,4.1276,34.1304,-120.313,3.2851,High
9.7092,39.0,8.9696,1.5851,543.0,2.4315,38.0778,-117.0997,4.926,High
13.0731,42.0,8.1285,1.5783,397.0,5.3313,32.8379,-120.1282,5.0,High
14.2933,51.0,8.3076,2.6228,944.0,1.8792,38.4306,-120.5389,5.0,High
3.059,51.0,7.3199,2.5364,1115.0,3.1024,39.6253,-115.6411,1.9557,Medium
13.9722,12.0,4.0823,1.4772,1484.0,4.5617,37.8493,-122.9872,5.0,High
7.8896,3.0,9.2576,2.8103,1497.0,2.7335,34.6623,-117.2411,3.6474,High
4.6154,45.0,7.3659,2.8962,653.0,5.2245,32.3134,-121.5127,2.2679,Medium
7.4279,18.0,6.4835,1.5188,2450.0,4.8294,33.1945,-123.845,3.3031,High
14.7205,40.0,2.8879,1.5797,4616.0,5.0506,38.223,-122.3324,5.0,High
7.8967,21.0,5.5764,1.9124,1369.0,2.036,41.3442,-117.9334,3.2844,High
5.6025,15.0,5.6829,2.8705,1360.0,2.1325,34.0653,-116.9087,2.6684,Medium
9.8676,33.0,8.9165,2.7279,284.0,2.7891,39.3503,-123.7894,4.8481,High
4.362,35.0,6.3732,1.0256,4663.0,3.8313,40.6645,-123.6357,1.9145,Medium
2.0621,26.0,5.0432,1.664,2510.0,4.8661,37.2088,-114.9746,1.3686,Low
2.8043,8.0,9.8144,2.0174,4531.0,5.2644,38.6927,-123.2669,1.8551,Medium
2.7926,36.0,2.8858,1.9069,2309.0,4.6695,40.1502,-115.0582,1.8238,Medium
3.1266,48.0,5.3804,1.2265,3772.0,5.6787,34.6068,-121.7183,1.3911,Low
2.9436,30.0,2.3362,2.6894,4783.0,4.8243,34.969,-116.5998,1.7003,Low
9.9722,23.0,7.9192,2.2893,1981.0,2.8782,32.0063,-120.9027,5.0,High
3.5463,42.0,9.3446,2.6434,4396.0,2.6929,41.6309,-115.4125,1.7191,Low
5.8393,44.0,4.2403,2.6893,621.0,4.6329,41.1754,-116.9955,2.6018,Medium
13.555,,8.8667,2.4464,1987.0,2.3679,39.6457,-119.9819,5.0,High
7.6355,14.0,4.3377,1.7663,2652.0,1.9172,32.7908,-123.237,3.9823,High
10.3458,2.0,9.2862,2.1432,3909.0,3.895,36.475,-116.673,5.0,High
3.4125,37.0,8.0317,1.1528,4983.0,5.1974,33.0189,-117.8312,1.1439,Low
3.692,5.0,8.4393,2.282,4255.0,1.9562,32.1592,-123.9709,1.9025,Medium
1.5722,38.0,2.1441,1.1944,4773.0,5.0635,38.1618,-123.9058,0.915,Low
3.3651,45.0,9.7025,2.3267,4516.0,5.1521,41.6083,-115.9121,1.4467,Low
4.9003,41.0,7.8134,1.3051,3579.0,3.6702,41.0287,-121.406,2.6812,Medium
3.4781,47.0,4.438,1.0586,1509.0,1.7579,38.9675,-117.6387,1.5063,Low
2.2418,14.0,8.6352,1.1636,1794.0,2.2857,32.9664,-119.4579,0.9797,Low
2.6889,39.0,4.2522,0.8044,4764.0,4.6834,34.7416,-115.3657,1.5671,Low
7.4509,25.0,8.982,2.3812,626.0,4.703,35.2006,-114.8304,3.4101,High
3.8887,20.0,2.9006,2.4113,2760.0,5.5426,39.6315,-114.0319,1.6559,Low
6.0998,2.0,7.6295,1.9329,2272.0,4.1221,40.0225,-122.4632,2.8475,Medium
8.0478,39.0,6.3256,1.155,379.0,2.0585,35.8511,-115.3704,3.5494,High
10.6655,6.0,2.7723,0.9838,3064.0,2.0464,36.1788,-121.3398,5.0,High
1.5504,17.0,3.9352,0.8421,4077.0,4.7451,32.4451,-118.0918,0.5757,Low
12.1917,25.0,2.0992,1.1646,2769.0,2.327,34.8914,-118.9423,5.0,High
9.7906,28.0,5.7501,2.7599,2993.0,2.9777,36.5129,-123.8201,4.2924,High
2.1446,2.0,4.4101,1.3314,1851.0,3.6925,33.1698,-114.6723,0.7696,Low
13.2301,35.0,6.7869,1.5794,4081.0,1.6114,36.5327,-123.2167,5.0,High
13.8922,37.0,4.3779,1.0318,4869.0,2.6197,40.5318,-117.1178,5.0,High
1.8551,5.0,4.3994,1.2892,2461.0,3.3355,37.8132,-116.1499,1.0601,Low
4.8763,1.0,7.9455,1.9423,4527.0,2.7584,32.7893,-116.0471,2.3358,Medium
12.2868,40.0,2.3851,2.1371,4231.0,2.1137,33.9167,-122.6451,5.0,High
11.4756,12.0,9.2232,1.3398,1808.0,4.7761,36.7454,-119.5243,5.0,High
3.5833,36.0,8.8181,0.927,2786.0,5.1592,35.6149,-115.7057,1.6871,Low
3.9309,45.0,7.3424,1.6603,2995.0,2.6587,35.5873,-120.9732,1.1066,Low
6.1866,23.0,6.7458,1.3152,4635.0,4.9849,37.2927,-119.3225,2.6817,Medium
7.7833,47.0,,1.283,2876.0,3.235,37.844,-121.2721,3.4959,High
9.6556,31.0,3.4826,2.9117,1219.0,3.7801,39.9686,-119.3645,4.6304,High
6.1648,11.0,2.6318,2.1559,3088.0,5.352,35.4097,-115.1216,3.0374,Medium
7.4755,10.0,3.9161,2.0251,4359.0,4.8748,40.0547,-119.4488,3.5437,High
11.4646,3.0,8.3566,1.7147,4343.0,5.123,35.3861,-118.4409,5.0,High
1.5136,14.0,2.2774,1.7437,294.0,2.1158,32.5543,-119.9602,0.747,Low
4.5341,16.0,6.6625,1.99,762.0,1.8137,37.5419,-119.3988,2.1427,Medium
10.9869,10.0,9.9635,2.3321,579.0,5.5203,37.879,-123.8483,5.0,High
13.5329,29.0,8.8456,2.3447,4318.0,3.2453,41.3454,-121.1625,5.0,High
8.1635,10.0,6.1716,1.1777,1523.0,2.7955,39.2606,-119.6342,3.6573,High
8.4496,12.0,2.5091,1.9002,2808.0,4.7611,41.1777,-117.662,4.1803,High
2.5004,30.0,8.651,1.7063,3275.0,5.2639,41.0835,-119.4995,1.4538,Low
7.2638,41.0,6.7918,2.7152,3914.0,5.3812,38.0457,-120.6218,3.8121,High
8.4566,1.0,2.9195,2.1891,2114.0,2.922,37.2776,-120.119,4.3638,High
4.3946,5.0,2.7509,1.9715,3889.0,5.335,37.5744,-121.5771,2.1298,Medium
4.7694,20.0,9.277,1.0539,4905.0,1.6842,41.7833,-114.7551,2.5039,Medium
6.282,8.0,7.3536,2.1324,2543.0,1.7235,39.7317,-118.7826,3.4169,High
1.281,43.0,8.6343,1.0578,1011.0,4.3058,33.0627,-123.8659,0.5466,Low
5.5091,12.0,9.0318,1.5419,3313.0,1.784,39.7843,-123.8055,2.8534,Medium
3.9603,1.0,6.5742,1.1143,2464.0,2.9607,33.7054,-114.2704,1.966,Medium
5.585,20.0,6.1396,2.3226,3729.0,4.5274,36.4735,-121.7855,2.3529,Medium
2.6767,28.0,5.4434,1.2538,3572.0,3.0177,34.1046,-115.9439,1.2005,Low
13.4674,43.0,4.5356,1.6621,780.0,2.3082,38.8958,-123.4172,5.0,High
9.3103,37.0,5.4768,2.7705,4751.0,2.7661,40.7731,-114.7884,4.3227,High
10.5074,47.0,8.191,1.2495,709.0,3.5591,34.9036,-115.2558,5.0,High
12.0484,37.0,6.8154,1.9172,2256.0,3.6392,32.8201,-118.2891,5.0,High
7.9782,12.0,9.1402,1.7224,3966.0,5.0235,34.9849,-123.91,3.5125,High
2.2169,37.0,5.547,0.8399,471.0,4.8757,38.7236,-121.4219,0.6535,Low
8.5195,49.0,6.8567,2.5441,715.0,3.5557,35.2876,-119.9318,3.9742,High
9.2158,49.0,7.0505,0.9519,2353.0,5.3055,34.7811,-119.3994,4.2412,High
11.4362,44.0,6.7336,1.8434,4238.0,2.0141,33.8444,-121.0232,5.0,High
7.0432,28.0,7.6211,2.0335,964.0,2.6491,36.9752,-123.6705,3.0847,Medium
2.7861,47.0,3.8995,2.1825,1368.0,5.2259,34.7595,-118.0987,1.4846,Low
4.9729,15.0,6.0989,2.315,884.0,3.201,39.3101,-118.7585,2.4592,Medium
6.0832,6.0,2.8338,1.3572,4671.0,5.9153,32.7662,-121.17,2.9378,Medium
10.0428,44.0,5.0761,0.822,4278.0,3.5981,38.6403,-123.6202,4.8479,High
8.9909,20.0,5.9013,2.3916,2337.0,5.0637,34.3756,-114.0541,4.3292,High
5.9854,50.0,7.2178,1.9784,4154.0,3.3104,36.8928,-119.1801,2.2057,Medium
14.8112,14.0,9.6042,2.6395,4995.0,3.4123,34.8609,-116.44,5.0,High
9.4808,2.0,6.8052,2.6071,1035.0,3.223,39.2277,-119.4769,4.7022,High
4.3212,9.0,7.9488,2.6553,4080.0,4.7358,41.4531,-123.5683,1.9088,Medium
2.425,37.0,6.0501,1.8672,2438.0,3.9638,41.1708,-120.904,1.4172,Low
3.14,,7.0728,1.534,425.0,5.747,37.8343,-120.7989,1.7116,Low
4.4434,26.0,2.5675,2.5414,1634.0,2.629,36.6261,-115.6165,2.849,Medium
3.2495,29.0,4.0351,1.7928,3580.0,1.9525,40.183,-117.4577,1.7705,Low
3.6119,1.0,4.8948,1.2036,3961.0,3.2697,38.8333,-121.2457,1.6569,Low
4.9913,35.0,5.7799,2.6809,2085.0,4.2752,33.8356,-114.3226,2.1067,Medium
3.4272,6.0,2.3652,2.7416,4703.0,5.3736,40.2092,-120.7846,1.559,Low
13.5547,37.0,3.1202,1.8259,2878.0,3.0579,36.2888,-114.0177,5.0,High
2.1233,5.0,4.2145,0.9665,1370.0,4.442,33.8899,-114.0384,1.1114,Low
8.3432,33.0,9.7723,1.6532,740.0,3.0759,34.818,-122.0879,3.6427,High
6.7456,49.0,4.6508,2.5678,4803.0,4.2775,34.6753,-120.8726,3.3685,High
14.7533,51.0,5.8563,2.7839,4178.0,5.4816,37.1921,-119.1396,5.0,High
2.5685,14.0,3.5688,1.2476,4761.0,2.5411,34.3437,-117.359,1.4097,Low
6.57,12.0,6.8862,0.9473,1467.0,3.3191,33.2357,-118.7195,2.9506,Medium
14.5726,42.0,4.2455,2.7302,4142.0,5.9697,33.2369,-114.3056,5.0,High
13.1171,20.0,3.6559,1.6567,2675.0,5.4085,37.8328,-116.7601,5.0,High
12.439,50.0,6.1326,1.9919,3703.0,4.0409,39.3476,-121.8796,5.0,High
4.6106,24.0,2.044,2.9297,1681.0,3.8248,35.2153,-122.949,1.9394,Medium
3.3924,43.0,2.0613,0.9464,2086.0,2.7807,32.3465,-117.116,1.7154,Low
10.361,34.0,3.7526,2.2263,2340.0,3.8274,33.2722,-122.4155,4.7573,High
14.0113,25.0,2.2938,0.963,4066.0,5.3168,41.1469,-116.1232,5.0,High
8.7947,50.0,2.8642,1.626,2205.0,4.5833,36.9354,-120.8896,4.6187,High
9.0026,29.0,4.7109,2.5684,228.0,2.8052,36.5357,-120.7311,4.1413,High
4.9197,39.0,8.4207,1.7536,4901.0,2.4066,32.3805,-123.892,2.8124,Medium
11.7729,31.0,6.5764,2.9938,4096.0,2.6934,39.2864,-116.9899,5.0,High
3.6186,47.0,6.1013,2.0299,951.0,2.2639,37.2807,-122.8673,1.299,Low
5.5315,43.0,4.3479,1.5066,4203.0,1.9304,34.0208,-116.2712,2.7753,Medium
6.9561,50.0,9.454,1.2842,2176.0,3.3861,33.1007,-119.0813,3.3549,High
8.1065,23.0,5.1761,1.5711,3094.0,2.0098,35.8339,-116.1572,3.994,High
4.3937,44.0,2.6967,1.6196,3844.0,2.2736,40.3716,-118.1607,1.7732,Low
2.6077,38.0,6.9365,0.9512,2856.0,3.963,40.6529,-123.1757,1.2134,Low
9.5487,20.0,2.9107,1.6131,1744.0,2.2407,38.0285,-116.3435,4.0832,High
5.0408,23.0,4.7618,1.8213,4471.0,1.7875,39.2754,-123.302,2.5186,Medium
9.1373,45.0,6.0593,2.39,3244.0,2.9282,33.1516,-119.213,4.7934,High
3.1611,16.0,8.9938,2.2448,342.0,2.4914,37.8813,-122.2765,1.0609,Low
7.736,50.0,5.9484,2.3593,4185.0,3.8189,38.6697,-116.4766,3.5555,High
8.4563,42.0,7.6181,0.8184,270.0,1.9607,34.0071,-114.8841,3.8319,High
1.7255,8.0,9.9425,1.2789,752.0,4.883,40.8015,-118.4587,0.5,Low
5.7125,50.0,3.0519,2.2557,3612.0,5.5781,33.95,-118.7285,2.0209,Medium
2.8818,21.0,4.1979,1.8648,1599.0,4.8455,35.1348,-116.3604,1.0236,Low
1.8872,1.0,5.1566,0.8117,2199.0,3.8977,38.2056,-123.9492,0.9175,Low
14.8594,8.0,5.3746,2.5699,2258.0,5.373,38.3835,-114.8224,5.0,High
5.513,29.0,5.2882,2.5002,2072.0,4.6271,38.9938,-122.0255,2.2076,Medium
12.3382,32.0,9.2609,2.0065,4025.0,1.5475,33.1201,-114.1588,5.0,High
4.565,38.0,7.7123,0.9462,2358.0,3.2734,40.4946,-116.6375,2.2355,Medium
10.541,5.0,6.8632,2.4863,4139.0,5.3293,37.3285,-116.2575,5.0,High
11.6432,47.0,4.475,2.0842,2135.0,3.0564,36.7132,-117.438,5.0,High
9.3389,22.0,8.5903,2.5203,3371.0,1.6585,41.811,-119.2834,4.8339,High
7.6021,47.0,9.6405,2.4538,957.0,4.8578,39.4038,-118.2837,3.8722,High
6.7658,34.0,8.5696,2.5666,3923.0,5.1092,33.1801,-123.536,3.0213,Medium
5.8842,1.0,2.0125,1.9396,1149.0,2.2227,39.5654,-117.7604,2.7854,Medium
14.0134,26.0,7.0912,1.1087,4090.0,3.918,32.9525,-117.739,5.0,High
12.6287,43.0,2.4091,2.2765,398.0,2.3638,32.2747,-115.088,5.0,High
14.5104,10.0,4.0609,2.165,1023.0,4.7366,36.0363,-118.9434,5.0,High
2.7402,30.0,2.4762,2.433,4332.0,2.722,41.9358,-123.2286,0.8456,Low
11.2321,50.0,6.8304,1.1737,4406.0,2.923,33.7488,-120.938,5.0,High
14.1368,18.0,7.4927,1.2289,2899.0,5.3024,38.7264,-117.4437,5.0,High
3.5373,,2.9159,2.7589,4975.0,3.6435,33.734,-121.6074,1.8556,Medium
1.9309,26.0,5.0707,2.45,4162.0,4.5139,39.2479,-121.1947,0.8535,Low
11.3757,8.0,5.6499,2.7981,4145.0,3.3107,37.0535,-115.7953,5.0,High
9.0426,47.0,4.9524,2.4692,1902.0,2.841,38.7997,-118.1568,3.8859,High
12.7856,40.0,2.9682,2.1137,2813.0,4.3147,34.0287,-118.9147,5.0,High
2.9568,49.0,5.3516,2.2391,4606.0,2.1969,39.4563,-120.8155,1.0556,Low
12.1337,12.0,8.0094,2.7561,2953.0,3.1785,41.9562,-116.6907,5.0,High
3.8228,27.0,2.5681,2.0734,2757.0,2.4407,38.6565,-121.1228,2.0836,Medium
3.2912,8.0,2.6414,2.1913,4622.0,4.6311,36.9348,-116.6294,1.8597,Medium
3.2997,25.0,4.8382,1.1442,3446.0,5.7489,41.2317,-123.299,2.1126,Medium
12.404,46.0,9.5338,1.8426,1571.0,5.9798,32.1585,-115.3546,5.0,High
10.3128,4.0,7.3486,2.3761,3049.0,3.5262,39.2992,-119.0043,5.0,High
8.3229,33.0,7.4294,1.3961,1041.0,2.6364,40.8875,-119.6149,4.1962,High
6.0236,1.0,4.8954,1.245,2007.0,3.4927,32.6167,-117.8898,2.8875,Medium
13.2808,19.0,6.7493,1.4904,4937.0,5.3127,36.5006,-117.7581,5.0,High
6.4942,31.0,2.081,1.3313,1343.0,2.427,34.0472,-122.6796,3.0523,Medium
12.4324,16.0,7.0888,1.2728,4523.0,5.7844,37.6652,-116.4377,5.0,High
7.1479,14.0,9.3063,1.7347,1566.0,3.0384,38.4954,-121.2407,3.8082,High
6.2772,48.0,6.9006,2.7972,4057.0,5.9361,35.0262,-114.9504,3.2103,High
7.4775,5.0,8.9896,1.9155,2066.0,5.2737,36.5998,-115.8215,4.286,High
5.2193,41.0,7.7918,1.2134,475.0,5.1386,34.7934,-120.5373,2.7533,Medium
11.4665,26.0,2.9645,0.9693,362.0,2.9306,35.6939,-115.9226,5.0,High
8.0381,28.0,9.2196,2.3315,4462.0,1.5395,33.5954,-120.4361,4.2375,High
4.251,2.0,2.5316,1.6422,3488.0,3.2196,40.8556,-122.9905,2.4451,Medium
13.594,50.0,6.2717,2.608,3495.0,2.8581,32.1001,-114.3811,5.0,High
6.3745,6.0,3.1371,2.2509,2044.0,1.6683,40.8241,-117.474,3.13,Medium
8.6097,9.0,2.0937,2.5517,1993.0,3.7741,37.7168,-119.439,4.4447,High
13.6906,33.0,5.3763,1.3983,3734.0,3.3136,35.3166,-120.0223,5.0,High
9.7393,41.0,4.3603,2.3232,1752.0,4.3555,39.2306,-120.7529,4.4148,High
2.6366,25.0,5.888,1.3809,4241.0,4.2953,37.0775,-114.1855,1.0333,Low
14.1576,48.0,6.6176,2.866,3992.0,2.0434,36.9911,-122.6525,5.0,High
9.7879,13.0,2.3499,2.2,699.0,5.8963,33.1014,-120.8519,4.5807,High
5.6887,9.0,2.984,1.5139,4915.0,2.3412,35.8952,-119.145,2.5857,Medium
2.9498,13.0,6.4691,1.3929,2012.0,3.5037,34.4106,-119.22,1.7006,Low
12.1164,31.0,4.7453,1.22,1392.0,3.6965,32.157,-119.2863,5.0,High
9.681,41.0,7.8334,2.3282,700.0,5.1588,35.601,-122.2422,4.887,High
8.4685,11.0,7.2183,1.2812,480.0,1.9465,32.8982,-122.5507,3.8827,High
13.5145,4.0,8.7648,2.1097,4313.0,3.4289,34.5683,-121.4523,5.0,High
12.0404,34.0,7.5399,1.3822,3737.0,4.3283,32.9252,-114.8547,5.0,High
3.1234,38.0,5.4394,2.2563,2263.0,2.4682,33.0094,-122.8695,1.121,Low
5.3641,46.0,7.3837,2.5929,4455.0,4.3236,33.9901,-116.4257,2.3743,Medium
4.4788,4.0,4.203,2.5117,1198.0,5.6565,41.9985,-116.4245,2.67,Medium
11.4152,38.0,4.4505,2.4739,465.0,5.9888,32.0218,-115.9023,5.0,High
1.4695,19.0,8.3119,1.213,2670.0,1.646,38.3867,-115.1338,1.3833,Low
8.9785,6.0,5.5714,0.9944,3519.0,2.5601,33.4124,-121.3696,3.8963,High
11.6744,34.0,8.387,2.3377,2576.0,2.8964,41.2063,-121.7544,5.0,High
13.2747,18.0,8.5794,1.6104,890.0,3.2961,32.9363,-119.3449,5.0,High
5.7891,13.0,8.8605,1.7512,3669.0,2.5902,41.5506,-121.3491,3.3908,High
12.4976,41.0,9.3331,0.8685,846.0,2.4157,38.1093,-116.6569,5.0,High
2.5488,23.0,5.4479,1.3711,412.0,5.7955,32.0127,-117.6406,1.2345,Low
12.8503,19.0,4.5509,0.8741,4733.0,5.6333,40.9401,-115.2501,5.0,High
2.7848,45.0,6.6576,2.7342,1020.0,1.7115,37.2171,-123.1726,1.1652,Low
6.562,11.0,4.9694,1.3355,1177.0,3.0247,34.6267,-114.8492,3.3207,High
12.1621,1.0,6.8086,2.0261,2929.0,3.3232,39.6728,-121.0665,5.0,High
3.0988,24.0,7.6447,0.8858,2481.0,2.5756,41.2667,-119.0931,1.0614,Low
4.2095,7.0,7.5072,2.2671,3718.0,4.3299,36.8369,-119.6139,2.0414,Medium
11.1115,25.0,4.9964,1.5107,897.0,4.3817,35.1555,-116.3969,5.0,High
11.0805,21.0,3.3349,2.7754,4543.0,5.3273,39.8895,-119.7967,5.0,High
9.9761,15.0,5.4442,2.7539,372.0,4.8339,38.8179,-114.5645,4.4483,High
10.7153,1.0,3.1408,1.5156,3110.0,3.9416,40.8875,-114.9747,5.0,High
8.5981,12.0,9.1208,2.7821,4915.0,4.4411,38.9251,-115.2784,4.3691,High
4.5252,7.0,4.767,2.9915,1873.0,2.7329,34.4353,-123.2874,1.9587,Medium
5.8397,15.0,3.2357,2.6159,2647.0,4.1688,41.3166,-115.4574,3.4169,High
3.5424,21.0,2.2036,2.6587,3264.0,3.7015,33.0484,-116.1836,1.5843,Low
13.7183,19.0,7.1666,1.3478,4880.0,2.1001,34.6794,-122.9649,5.0,High
9.1675,29.0,7.0952,2.0687,4817.0,2.5914,37.2019,-122.9259,4.7022,High
6.6119,25.0,4.7248,0.948,1046.0,2.8126,37.6574,-122.9884,3.7934,High
7.4681,33.0,2.5737,1.0088,2765.0,5.6594,32.1531,-123.8867,3.7991,High
14.262,49.0,5.277,2.9976,606.0,2.5367,39.8057,-118.5137,5.0,High
3.1469,32.0,4.4897,1.5186,343.0,2.8016,35.6161,-114.2661,1.1579,Low
9.2072,49.0,7.417,2.446,605.0,3.1621,36.0642,-119.6132,4.4589,High
8.0824,35.0,6.8462,2.5747,4617.0,4.4868,40.0937,-118.5924,3.775,High
9.5604,44.0,4.9167,2.6877,3258.0,2.0321,35.7928,-114.3203,4.8206,High
1.2535,38.0,3.7431,2.9948,3690.0,5.7928,32.4722,-121.4482,0.7133,Low
13.2097,26.0,9.9043,1.3313,1972.0,5.3951,33.7644,-115.4153,5.0,High
14.0497,11.0,5.632,0.8888,3893.0,4.0975,41.559,-118.5361,5.0,High
8.9119,35.0,7.5062,1.7046,1292.0,4.5332,32.7041,-118.3052,4.1668,High
10.7531,8.0,3.1244,1.0862,4525.0,1.575,35.5493,-120.5683,5.0,High
13.915,46.0,5.8847,0.8493,4845.0,3.0253,37.0318,-118.3842,5.0,High
10.9013,14.0,2.2203,1.5929,1564.0,5.0805,36.9328,-123.2686,5.0,High
3.1355,10.0,6.0436,2.5242,490.0,1.8487,32.0396,-116.3536,1.9184,Medium
9.068,2.0,9.7121,2.0456,4576.0,2.7704,37.0116,-121.1531,4.6126,High
9.494,46.0,5.0737,1.4881,3477.0,4.1338,35.8377,-115.1239,4.1413,High
6.9378,9.0,2.312,2.2396,4937.0,2.6539,41.7208,-120.3215,3.4106,High
11.3102,3.0,2.2476,1.3104,772.0,5.7029,33.5916,-122.5718,5.0,High
14.0811,21.0,5.1039,0.8316,2660.0,2.0898,35.5415,-117.0412,5.0,High
13.958,26.0,3.2802,2.4816,1311.0,5.0883,36.1948,-122.3542,5.0,High
7.3118,,2.1868,2.1722,1029.0,3.7858,35.9069,-116.4632,3.2546,High
2.5853,48.0,8.0497,2.4771,1639.0,4.8765,38.6583,-114.3189,1.6547,Low
14.7878,2.0,5.6682,0.8857,1012.0,2.8982,34.1551,-116.2045,5.0,High
12.7446,6.0,4.314,2.6417,743.0,3.8152,34.2107,-123.7755,5.0,High
2.7453,28.0,9.2007,2.163,4622.0,5.3558,39.2921,-118.0011,1.4274,Low
13.8918,29.0,2.9291,2.0395,601.0,3.601,37.0029,-117.0459,5.0,High
13.1785,26.0,9.6474,2.1742,829.0,3.1187,36.1516,-115.7454,5.0,High
8.2637,25.0,4.5117,2.7018,1383.0,3.9127,33.692,-123.44,4.1564,High
9.2779,12.0,9.1072,2.0913,2218.0,4.7281,33.8753,-119.1989,5.0,High
6.586,5.0,6.8235,2.0781,4652.0,3.496,32.1055,-118.6463,3.2474,High
1.7667,,8.6137,2.9795,4486.0,5.7249,32.9143,-122.3088,1.202,Low
5.6928,48.0,9.8721,2.4648,3936.0,2.8273,37.5684,-120.7755,2.1785,Medium
12.2399,37.0,4.3072,1.773,1019.0,3.6396,40.9187,-119.5978,5.0,High
1.0648,15.0,9.6891,2.3563,4150.0,4.9062,34.8716,-115.6679,0.5715,Low
5.669,44.0,5.1159,1.6563,2439.0,4.601,35.2775,-114.7059,2.9876,Medium
6.5744,36.0,5.0841,1.3035,855.0,5.3864,33.1561,-117.7158,3.2236,High
8.5235,15.0,4.7231,2.1131,1969.0,5.9856,35.8863,-120.0505,3.9869,High
13.878,43.0,6.3313,2.842,4572.0,3.4209,32.3722,-121.4597,5.0,High
5.8488,48.0,3.2332,2.8441,607.0,2.0002,41.176,-114.1786,2.1439,Medium
5.8573,23.0,6.4297,1.5522,1536.0,1.6369,38.7311,-114.1698,3.0845,Medium
11.325,6.0,6.3336,1.9609,2675.0,4.7709,41.9075,-114.7502,5.0,High
7.3311,46.0,8.0952,1.2656,3526.0,5.4331,40.8282,-116.1433,3.459,High
4.1445,50.0,8.6692,2.9904,658.0,2.4932,36.7299,-120.7422,2.1348,Medium
7.3342,44.0,5.5235,2.9585,3202.0,2.213,37.1969,-115.83,3.5136,High
2.972,43.0,4.4187,2.2289,4616.0,1.7799,33.9058,-119.9121,1.4972,Low
3.4694,45.0,4.0747,2.5697,3722.0,5.2022,36.6204,-120.7323,1.8391,Medium
7.9771,21.0,3.557,2.3732,4499.0,2.9012,41.0303,-116.5513,3.7544,High
6.865,23.0,2.4612,2.1049,4157.0,3.3076,32.5085,-123.2035,3.0915,Medium
13.8078,43.0,4.7396,0.9174,3815.0,3.7624,40.6356,-123.5144,5.0,High
6.0735,16.0,4.162,1.8005,1401.0,5.2775,35.4095,-119.5205,3.0351,Medium
9.1282,47.0,9.7313,2.2845,2255.0,4.4287,40.9951,-119.5436,4.562,High
9.8517,15.0,6.4617,2.2906,792.0,4.2678,41.4088,-115.0436,4.5184,High
1.1833,25.0,4.7782,1.6209,4450.0,2.2905,38.7086,-122.7385,0.9405,Low
10.2895,36.0,6.6437,2.8717,1578.0,3.8094,38.6442,-122.7672,4.7845,High
3.4925,11.0,3.1136,1.1682,356.0,4.7192,36.5275,-122.5255,1.0913,Low
14.455,51.0,5.5523,1.9008,2530.0,5.8797,40.3554,-123.7026,5.0,High
3.0813,15.0,7.0099,2.3199,541.0,2.4063,41.6161,-123.2827,0.9438,Low
6.8047,4.0,5.9112,2.3337,1981.0,1.5429,39.7508,-117.4013,3.7307,High
2.1949,21.0,5.2142,2.227,2746.0,1.8389,38.2194,-119.6842,1.2609,Low
14.9562,13.0,9.9508,1.4056,3920.0,3.1913,38.0679,-116.364,5.0,High
8.0307,22.0,9.0425,1.1437,4777.0,5.1925,40.4947,-114.074,3.8389,High
9.3354,19.0,6.9872,2.1991,1835.0,1.5321,37.412,-117.4097,4.7934,High
1.9391,34.0,6.555,2.1185,3835.0,3.5553,40.0386,-123.4954,1.1796,Low
11.4994,14.0,6.9653,1.1946,2745.0,2.9815,37.0889,-122.9544,5.0,High
3.9387,4.0,3.6105,2.3513,118.0,1.7362,32.6244,-115.19,2.2784,Medium
13.5728,48.0,5.1611,1.8014,1224.0,3.5261,35.8395,-118.725,5.0,High
3.872,46.0,2.3157,2.2691,4085.0,2.6464,36.4444,-115.7516,1.8171,Medium
3.6696,27.0,5.8044,2.6422,2754.0,3.0835,33.4162,-115.4339,1.5965,Low
1.5117,29.0,6.3442,1.1734,2180.0,4.6753,33.025,-114.7233,0.9549,Low
7.6089,47.0,3.822,0.8421,1647.0,3.847,37.3546,-114.5017,3.7602,High
8.9078,28.0,9.7122,2.514,961.0,2.0609,32.8514,-118.4517,4.1062,High
1.9199,35.0,9.2756,2.1413,254.0,5.8264,35.0295,-120.5898,0.7675,Low
11.8574,8.0,7.7771,2.3392,3594.0,4.3616,39.446,-114.3814,5.0,High
7.346,16.0,6.2671,2.6439,1004.0,4.9464,41.6443,-118.5259,3.69,High
8.3415,42.0,8.9598,2.5662,1369.0,1.8565,39.1787,-123.3575,4.3761,High
7.1707,36.0,3.0452,2.914,504.0,1.7118,41.9263,-117.5722,3.3333,High
6.6107,30.0,8.3241,1.9791,943.0,1.5875,38.9834,-118.1232,2.9386,Medium
8.835,18.0,2.9986,1.8747,1882.0,2.3496,34.9379,-115.0421,5.0,High
3.1734,2.0,8.3537,1.6842,1664.0,3.3648,38.7205,-117.4681,1.156,Low
3.547,49.0,4.2061,1.1381,1284.0,5.7112,39.0216,-120.5095,1.4206,Low
13.065,13.0,9.0167,2.0597,846.0,3.5568,35.7173,-114.3377,5.0,High
14.2456,4.0,9.5523,1.4094,1825.0,2.8061,32.1771,-115.9838,5.0,High
6.2263,26.0,3.1904,2.8269,3288.0,4.0287,39.032,-117.6958,3.209,High
4.7904,25.0,5.7014,2.083,370.0,2.0037,32.217,-121.0707,3.0206,Medium
10.016,30.0,9.8479,2.1042,4965.0,4.2428,38.3119,-120.2646,4.9212,High
6.7223,11.0,5.8673,1.5808,4056.0,4.0579,33.6362,-117.3003,3.1029,Medium
1.3554,7.0,8.9084,0.9144,271.0,5.064,37.656,-123.2802,0.6659,Low
3.1861,31.0,6.7099,0.8698,373.0,5.9401,37.0391,-121.4332,1.4092,Low
11.0236,44.0,5.0026,1.7313,2406.0,2.6289,32.1351,-116.861,5.0,High
10.2249,10.0,4.2863,0.986,1258.0,3.7935,35.6287,-119.1998,4.8106,High
1.3793,39.0,3.6258,2.1351,1806.0,5.5899,38.0109,-119.9761,0.7661,Low
4.1076,13.0,8.0944,2.7381,1871.0,5.0334,40.4861,-122.4854,2.181,Medium
4.235,31.0,5.0923,2.7424,521.0,3.6933,40.8864,-119.5815,1.6343,Low
10.4065,7.0,6.0902,2.2499,1309.0,5.7542,36.8385,-116.2931,5.0,High
1.2759,49.0,5.9386,1.2647,4775.0,1.7576,39.2842,-121.3599,0.5,Low
2.4575,42.0,6.6182,2.6986,990.0,5.6895,35.1645,-123.946,0.7301,Low
12.1988,42.0,8.9246,2.7494,4917.0,1.7273,35.4219,-117.315,5.0,High
3.4996,36.0,9.8459,1.2326,3367.0,3.9629,33.9446,-114.2737,1.1409,Low
10.1384,20.0,5.2607,2.4223,1573.0,5.507,37.6195,-117.9317,5.0,High
4.3346,4.0,8.6202,1.4303,3343.0,2.6822,35.1456,-122.8008,1.3818,Low
2.3922,7.0,8.1162,2.5658,4578.0,3.6251,32.8437,-120.7927,0.9335,Low
4.4044,1.0,6.5882,2.9939,2281.0,2.9595,38.8501,-115.3236,2.7356,Medium
11.1117,44.0,9.6484,0.8661,1549.0,5.7846,39.0775,-121.6743,5.0,High
12.9798,45.0,3.6038,2.7742,3196.0,5.2064,35.5999,-117.923,5.0,High
12.6231,42.0,2.8741,2.1698,3356.0,4.6905,32.7672,-119.9733,5.0,High
6.5606,47.0,8.8317,2.9414,3256.0,4.1443,36.263,-121.9216,2.8958,Medium
10.3532,13.0,5.5132,1.823,1690.0,5.1927,36.4234,-115.8659,5.0,High
3.8698,22.0,8.7758,2.6643,4339.0,3.2652,38.6867,-116.5717,2.2649,Medium
5.1041,21.0,9.1447,0.9373,4081.0,3.514,35.1542,-117.3841,2.6821,Medium
13.5487,22.0,2.4997,1.5376,1535.0,4.785,38.826,-121.6366,5.0,High
1.182,28.0,9.0677,0.9474,323.0,3.1099,40.7149,-123.0214,0.5,Low
2.1971,9.0,5.5866,2.9458,319.0,1.7876,34.3749,-118.2384,1.9235,Medium
3.9104,26.0,6.0835,2.5973,4374.0,1.8345,41.7892,-118.4632,1.7389,Low
1.3715,9.0,7.0127,2.6756,1754.0,2.0191,35.8637,-122.1161,1.6068,Low
3.5401,15.0,9.4111,2.8635,4628.0,5.4136,34.6726,-123.4375,2.3019,Medium
9.1626,10.0,2.1529,0.9872,364.0,3.625,36.2151,-123.1929,4.7085,High
6.8999,24.0,5.8147,1.6483,1053.0,4.708,32.944,-114.0723,3.4773,High
13.4974,42.0,7.5018,0.9563,4624.0,3.2681,33.2571,-116.1642,5.0,High
12.4442,8.0,7.7817,1.2637,3833.0,2.6642,36.1443,-114.7801,5.0,High
5.7854,24.0,7.5403,1.3046,2874.0,3.0624,39.6244,-122.0495,2.6415,Medium
4.6319,16.0,3.0755,1.832,3224.0,5.0738,41.0031,-114.3943,2.2476,Medium
6.3157,49.0,4.3952,1.3908,579.0,4.3135,38.6482,-122.5735,2.5481,Medium
9.2641,26.0,4.8697,1.0222,3614.0,5.7194,33.0522,-118.9092,4.126,High
4.7529,27.0,8.4355,1.1685,1453.0,4.5587,38.7202,-115.703,2.7161,Medium
9.7381,37.0,4.2301,1.124,3422.0,4.0658,38.3543,-120.502,4.2427,High
6.7318,4.0,3.6856,2.9408,3978.0,4.2459,40.0576,-119.7517,3.6486,High
8.7287,50.0,9.6596,2.4704,989.0,5.7407,40.2525,-122.7181,3.6426,High
7.1058,24.0,2.0709,2.9291,3954.0,5.0469,40.682,-122.7708,3.6425,High
5.1225,19.0,9.9826,1.7674,1024.0,1.6082,36.1413,-117.8043,2.5038,Medium
14.2783,36.0,7.4146,1.4124,2270.0,3.9036,38.9786,-117.2447,5.0,High
11.6905,39.0,8.6278,2.5562,2002.0,4.5975,34.6825,-116.2267,5.0,High
2.9616,10.0,4.357,1.5178,4973.0,4.8691,41.9934,-118.4332,0.8715,Low
13.1586,,2.1145,1.4586,2495.0,2.4591,33.7533,-117.5424,5.0,High
7.824,18.0,7.903,1.3115,128.0,5.4023,32.1011,-123.8648,3.9489,High
13.5237,19.0,,1.0853,134.0,5.8013,33.4881,-122.3783,5.0,High
12.198,36.0,7.9238,1.3642,3689.0,2.5652,39.7587,-114.1509,5.0,High
6.953,10.0,3.1428,1.5817,2770.0,5.4718,36.4678,-123.2401,3.2886,High
1.3146,33.0,8.0274,2.2828,3465.0,1.9364,36.475,-117.2121,0.5,Low
4.7615,50.0,8.1514,0.9376,688.0,1.7507,41.5502,-122.2392,1.9124,Medium
8.5829,5.0,7.2683,1.2631,3318.0,2.0815,41.1963,-116.8328,4.1844,High
9.8687,47.0,8.1289,2.5799,3238.0,1.7598,35.1119,-116.9401,4.6233,High
4.6104,49.0,8.7674,1.1232,1003.0,5.3026,34.0906,-121.658,2.8697,Medium
2.951,35.0,6.9088,1.5538,4186.0,1.7657,40.4848,-121.3037,1.7461,Low
12.689,44.0,2.7088,2.7022,2269.0,2.7225,41.0602,-117.4523,5.0,High
14.7816,34.0,5.901,1.1408,439.0,1.9669,37.416,-120.0991,5.0,High
8.3597,33.0,2.6212,0.982,4370.0,2.8294,38.2942,-122.0545,4.131,High
3.4035,21.0,5.2603,1.866,1814.0,1.9075,34.5691,-116.6832,1.7409,Low
4.8123,17.0,5.2569,1.4653,4792.0,4.506,40.008,-122.4585,2.4227,Medium
1.2575,22.0,2.5281,2.0395,4646.0,2.1,38.3212,-115.4436,0.5561,Low
13.8002,48.0,4.7906,2.5684,656.0,5.3333,37.0351,-118.8533,5.0,High
2.6485,37.0,2.888,1.1017,3187.0,5.1774,32.6011,-122.943,1.0574,Low
9.0712,15.0,8.4659,2.0775,3366.0,1.5615,41.1593,-117.0593,4.4732,High
4.8368,35.0,9.5815,1.9121,3667.0,5.5308,38.1545,-118.8084,2.1145,Medium
8.7585,28.0,2.5785,1.117,2156.0,1.6302,33.9269,-121.0194,4.0982,High
10.1199,7.0,9.6409,2.1728,3999.0,2.5784,38.0639,-119.7746,5.0,High
12.6164,32.0,6.1806,1.402,1116.0,1.6458,38.7746,-121.0166,5.0,High
3.8899,11.0,4.3965,1.8732,2162.0,3.0113,37.2577,-121.3697,2.0237,Medium
1.1539,10.0,2.6149,0.981,938.0,3.8124,39.181,-122.3639,0.7758,Low
2.9164,9.0,6.005,1.8111,1737.0,5.0849,37.8145,-120.3723,1.7013,Low
13.6003,14.0,8.3561,1.4742,4421.0,3.0209,41.4777,-121.4901,5.0,High
13.2345,13.0,7.6567,2.6092,3596.0,4.6747,32.537,-117.1657,5.0,High
9.3638,25.0,2.4018,0.9254,1913.0,2.3438,33.0625,-117.1612,4.057,High
9.4072,2.0,2.5832,1.7209,3579.0,4.8777,33.7367,-118.9816,4.6041,High
10.3105,35.0,5.223,1.8085,1551.0,2.562,38.9017,-116.2206,4.8819,High
3.4552,7.0,4.3623,2.395,2413.0,2.146,38.456,-115.5866,2.1956,Medium
13.8018,,3.8591,2.0634,1614.0,2.3343,40.9206,-118.2023,5.0,High
6.8628,18.0,4.248,2.2679,1331.0,2.3193,39.3288,-117.8106,2.9835,Medium
6.3639,3.0,8.4279,2.5095,1745.0,3.8079,37.0836,-121.1711,3.4296,High
8.2648,42.0,9.4338,2.6968,3099.0,5.3016,41.9183,-115.0513,4.2897,High
1.6575,39.0,5.2408,1.4905,3540.0,1.8582,34.6611,-123.7579,0.6593,Low
3.328,41.0,9.2489,1.9836,4156.0,4.6813,40.3319,-120.514,1.7586,Low
11.3325,49.0,4.572,2.6482,405.0,4.4446,36.2679,-116.782,4.7183,High
2.1592,11.0,5.8115,2.9768,3636.0,5.4263,38.4874,-123.1991,0.5,Low
9.4441,39.0,3.8082,2.7569,1823.0,2.5987,39.2727,-122.1683,4.2115,High
4.4349,24.0,7.1238,1.6172,1789.0,3.5255,38.3375,-118.1071,2.2134,Medium
6.4501,46.0,9.8318,1.2294,1617.0,5.6662,33.4051,-118.4001,3.553,High
5.0417,19.0,6.8279,1.8767,4017.0,4.47,36.4295,-116.6107,2.1562,Medium
5.9794,4.0,4.8625,2.4316,519.0,3.2495,37.6144,-115.8739,2.7622,Medium
11.0666,26.0,7.1825,1.8837,3036.0,2.0914,40.4904,-122.7142,5.0,High
5.1597,38.0,2.9834,1.863,3962.0,2.6812,36.4365,-123.8162,2.272,Medium
8.9297,42.0,9.1093,2.6441,4329.0,4.1155,41.1875,-117.1036,4.1812,High
7.6647,32.0,6.0247,1.5951,1550.0,4.7318,36.4037,-120.9861,3.6062,High
10.2914,39.0,5.5948,2.6915,3196.0,2.0599,37.4878,-117.7402,5.0,High
14.1156,45.0,6.6869,1.695,3361.0,4.1982,39.9629,-122.4946,5.0,High
11.256,46.0,6.9983,1.5221,1264.0,3.9766,37.8307,-119.3096,5.0,High
4.0092,,,1.7988,1969.0,3.8128,41.6022,-118.9558,2.4314,Medium
1.4366,40.0,7.4609,2.4774,1919.0,4.6056,38.6034,-118.1492,0.7456,Low
4.6717,37.0,3.9355,1.0772,2805.0,5.2685,37.2271,-118.8683,2.5364,Medium
9.3311,33.0,7.7116,1.2321,3615.0,2.9535,32.2359,-119.0431,4.3195,High
1.72,36.0,8.5803,2.8932,1442.0,5.5006,36.1373,-120.6727,0.5697,Low
7.9491,3.0,8.4317,1.1861,2326.0,2.2229,34.9925,-123.2882,3.8446,High
9.3558,9.0,6.42,2.049,1179.0,2.2786,39.4811,-123.1048,4.6711,High
5.6794,8.0,6.1614,2.0745,4306.0,2.7005,34.0828,-119.6622,2.8793,Medium
11.7928,,3.143,1.8772,4663.0,2.0379,34.0522,-120.4421,5.0,High
2.4924,6.0,8.2028,2.2184,2879.0,2.5364,33.8952,-118.8387,1.8902,Medium
2.0519,41.0,4.1713,1.3056,2628.0,1.9789,33.2562,-120.9516,1.079,Low
11.1946,39.0,5.9736,2.0159,913.0,5.1979,35.1101,-117.1209,5.0,High
7.9369,4.0,4.2742,1.6188,2131.0,2.1254,40.8592,-115.3605,3.9902,High
10.6376,13.0,3.0706,2.2557,422.0,4.8628,39.7493,-121.0114,5.0,High
7.0876,49.0,7.0365,1.1107,3069.0,1.7156,39.3525,-122.0702,3.6037,High
4.4496,2.0,2.4347,2.0559,1003.0,5.7683,39.9734,-122.8382,2.6867,Medium
12.4674,5.0,7.9892,1.2076,1641.0,4.7002,34.6942,-117.8375,5.0,High
12.1918,44.0,4.5407,1.413,3603.0,1.5306,40.8744,-119.5614,5.0,High
10.7258,27.0,2.0011,1.2812,2753.0,4.9374,33.373,-122.1198,5.0,High
4.81,32.0,6.089,1.2022,2576.0,3.8134,35.3635,-117.4686,2.1853,Medium
9.2632,21.0,2.3748,2.6166,3440.0,5.0071,37.8675,-122.5152,4.2314,High
6.0536,8.0,4.2094,1.4286,4343.0,3.8512,33.0291,-118.457,3.1175,Medium
2.2821,38.0,7.6558,2.8397,1241.0,4.3846,39.3013,-118.7285,1.1213,Low
13.8424,8.0,2.5015,2.9338,949.0,5.0385,35.8725,-116.6577,5.0,High
2.9155,50.0,8.7147,2.0568,466.0,3.323,39.8441,-123.4489,0.7668,Low
14.3033,3.0,2.0306,1.1146,2997.0,1.5122,36.929,-115.1213,5.0,High
7.2441,44.0,3.9746,1.624,1189.0,5.3248,33.8087,-116.9701,3.6835,High
